"Node","Policy","EventName","ProcessEntityId","ProcessName","HostName","Timestamp"
"master","falco-ref-clear-log","do_truncate","545996022","systemd-journal","master","1789072882501090564"
"master","falco-ref-clear-log","do_truncate","545996022","systemd-journal","master","1789072889501135212"
"master","falco-ref-clear-log","do_truncate","545996022","systemd-journal","master","1789072892501085717"
"master","falco-ref-clear-log","do_truncate","545996022","systemd-journal","master","1789072899501075515"
"master","falco-ref-clear-log","do_truncate","545996022","systemd-journal","master","1789072902501097150"
"master","falco-ref-clear-log","do_truncate","545996022","systemd-journal","master","1789072909501105348"
"master","falco-ref-clear-log","do_truncate","545996022","systemd-journal","master","1789072912501080403"
"master","falco-ref-clear-log","do_truncate","545996022","systemd-journal","master","1789072919501099162"
"master","falco-ref-clear-log","do_truncate","545996022","systemd-journal","master","1789072922501082076"
"master","falco-ref-clear-log","do_truncate","545996022","systemd-journal","master","1789072929501089094"
"master","falco-ref-clear-log","do_truncate","545996022","systemd-journal","master","1789072932501097700"
"master","falco-ref-clear-log","do_truncate","545996022","systemd-journal","master","1789072939501104397"
"master","falco-ref-clear-log","do_truncate","545996022","systemd-journal","master","1789072942501115871"
"master","falco-ref-clear-log","do_truncate","545996022","systemd-journal","master","1789072949501107239"
"master","falco-ref-clear-log","do_truncate","545996022","systemd-journal","master","1789072952501131614"
"master","falco-ref-clear-log","do_truncate","545996022","systemd-journal","master","1789072954251109104"
"master","falco-ref-clear-log","do_truncate","545996022","systemd-journal","master","1789072958251078857"
"master","falco-ref-clear-log","do_truncate","545996022","systemd-journal","master","1789072959501077723"
"master","falco-ref-clear-log","do_truncate","545996022","systemd-journal","master","1789072962501097627"
"master","falco-ref-clear-log","do_truncate","545996022","systemd-journal","master","1789072967501121448"
"master","falco-ref-clear-log","do_truncate","545996022","systemd-journal","master","1789072968001081723"
"master","falco-ref-clear-log","do_truncate","545996022","systemd-journal","master","1789072969501121174"
"master","falco-ref-clear-log","do_truncate","545996022","systemd-journal","master","1789072972501117619"
"master","falco-ref-clear-log","do_truncate","545996022","systemd-journal","master","1789072979501056606"
"master","falco-ref-clear-log","do_truncate","545996022","systemd-journal","master","1789072982501091571"
"master","falco-ref-clear-log","do_truncate","545996022","systemd-journal","master","1789072989501087318"
"master","falco-ref-clear-log","do_truncate","545996022","systemd-journal","master","1789072992501096003"
"master","falco-ref-clear-log","do_truncate","545996022","systemd-journal","master","1789072999501127740"
"master","falco-ref-clear-log","do_truncate","545996022","systemd-journal","master","1789073002501084265"
"master","falco-ref-clear-log","do_truncate","545996022","systemd-journal","master","1789073006001126333"
"master","falco-ref-clear-log","do_truncate","545996022","systemd-journal","master","1789073009501090292"
"master","falco-ref-clear-log","do_truncate","545996022","systemd-journal","master","1789073012501104177"
"master","falco-ref-clear-log","do_truncate","545996022","systemd-journal","master","1789073019251084907"
"master","falco-ref-clear-log","do_truncate","545996022","systemd-journal","master","1789073022501054828"
"master","falco-ref-clear-log","do_truncate","545996022","systemd-journal","master","1789073029501111797"
"master","falco-ref-clear-log","do_truncate","545996022","systemd-journal","master","1789073032501115632"
"master","falco-ref-clear-log","do_truncate","545996022","systemd-journal","master","1789073039501101990"
"master","falco-ref-clear-log","do_truncate","545996022","systemd-journal","master","1789073042501076086"
"master","falco-ref-clear-log","do_truncate","545996022","systemd-journal","master","1789073049501132413"
"master","falco-ref-clear-log","do_truncate","545996022","systemd-journal","master","1789073052501091928"
"master","falco-ref-clear-log","do_truncate","545996022","systemd-journal","master","1789073054251097278"
"master","falco-ref-clear-log","do_truncate","545996022","systemd-journal","master","1789073059501078207"
"master","falco-ref-clear-log","do_truncate","545996022","systemd-journal","master","1789073062501105352"
"master","falco-ref-clear-log","do_truncate","545996022","systemd-journal","master","1789073068251115494"
"master","falco-ref-clear-log","do_truncate","545996022","systemd-journal","master","1789073069501096830"
"master","falco-ref-clear-log","do_truncate","545996022","systemd-journal","master","1789073072501095584"
"master","falco-ref-clear-log","do_truncate","545996022","systemd-journal","master","1789073079501085342"
"master","falco-ref-clear-log","do_truncate","545996022","systemd-journal","master","1789073082501112368"
"master","falco-ref-clear-log","do_truncate","545996022","systemd-journal","master","1789073089501109136"
"master","falco-ref-clear-log","do_truncate","545996022","systemd-journal","master","1789073092501073211"
"master","falco-ref-clear-log","do_truncate","545996022","systemd-journal","master","1789073099501117449"
"master","falco-ref-clear-log","do_truncate","545996022","systemd-journal","master","1789073102501110034"
"master","falco-ref-clear-log","do_truncate","545996022","systemd-journal","master","1789073109501053902"
"master","falco-ref-clear-log","do_truncate","545996022","systemd-journal","master","1789073112501096877"
"master","falco-ref-clear-log","do_truncate","545996022","systemd-journal","master","1789073119501075345"
"master","falco-ref-clear-log","do_truncate","545996022","systemd-journal","master","1789073122251074633"
"master","falco-ref-clear-log","do_truncate","545996022","systemd-journal","master","1789073129501109287"
"master","falco-ref-clear-log","do_truncate","545996022","systemd-journal","master","1789073132501087732"
"master","falco-ref-clear-log","do_truncate","545996022","systemd-journal","master","1789073139501120330"
"master","falco-ref-clear-log","do_truncate","545996022","systemd-journal","master","1789073142501062885"
"master","falco-ref-clear-log","do_truncate","545996022","systemd-journal","master","1789073147501091705"
"master","falco-ref-clear-log","do_truncate","545996022","systemd-journal","master","1789073148001124420"
"master","falco-ref-clear-log","do_truncate","545996022","systemd-journal","master","1789073149501129591"
"master","falco-ref-clear-log","do_truncate","545996022","systemd-journal","master","1789073152501065327"
"master","falco-ref-clear-log","do_truncate","545996022","systemd-journal","master","1789073159501103284"
"master","falco-ref-clear-log","do_truncate","545996022","systemd-journal","master","1789073162501134638"
"master","falco-ref-clear-log","do_truncate","545996022","systemd-journal","master","1789073169501067247"
"master","falco-ref-clear-log","do_truncate","545996022","systemd-journal","master","1789073172501111950"
"master","falco-ref-clear-log","do_truncate","545996022","systemd-journal","master","1789073173251205622"
"master","falco-ref-clear-log","do_truncate","545996022","systemd-journal","master","1789073179501092868"
"master","falco-ref-clear-log","do_truncate","545996022","systemd-journal","master","1789073182501081143"
"master","falco-ref-clear-log","do_truncate","545996022","systemd-journal","master","1789073189501087839"
"master","falco-ref-clear-log","do_truncate","545996022","systemd-journal","master","1789073192501111793"
"master","falco-ref-clear-log","do_truncate","545996022","systemd-journal","master","1789073199501068620"
"master","falco-ref-clear-log","do_truncate","545996022","systemd-journal","master","1789073202501123823"
"master","falco-ref-clear-log","do_truncate","545996022","systemd-journal","master","1789073209501084332"
"master","falco-ref-clear-log","do_truncate","545996022","systemd-journal","master","1789073212501072087"
"master","falco-ref-clear-log","do_truncate","545996022","systemd-journal","master","1789073219501126345"
"master","falco-ref-clear-log","do_truncate","545996022","systemd-journal","master","1789073222501088201"
"master","falco-ref-clear-log","do_truncate","545996022","systemd-journal","master","1789073229501133479"
"master","falco-ref-clear-log","do_truncate","545996022","systemd-journal","master","1789073232501245293"
"master","falco-ref-clear-log","do_truncate","545996022","systemd-journal","master","1789073239501109113"
"master","falco-ref-clear-log","do_truncate","545996022","systemd-journal","master","1789073242501061718"
"master","falco-ref-clear-log","do_truncate","545996022","systemd-journal","master","1789073249501083397"
"master","falco-ref-clear-log","do_truncate","545996022","systemd-journal","master","1789073252501088872"
"master","falco-ref-clear-log","do_truncate","545996022","systemd-journal","master","1789073259501087109"
"master","falco-ref-clear-log","do_truncate","545996022","systemd-journal","master","1789073262213276488"
"master","falco-ref-clear-log","do_truncate","545996022","systemd-journal","master","1789073262501090474"
"master","falco-ref-clear-log","do_truncate","545996022","systemd-journal","master","1789073269501126093"
"master","falco-ref-clear-log","do_truncate","545996022","systemd-journal","master","1789073272501057208"
"master","falco-ref-clear-log","do_truncate","545996022","systemd-journal","master","1789073279501099486"
"master","falco-ref-clear-log","do_truncate","545996022","systemd-journal","master","1789073282222945608"
"master","falco-ref-clear-log","do_truncate","545996022","systemd-journal","master","1789073282501059001"
"master","falco-ref-clear-log","do_truncate","545996022","systemd-journal","master","1789073289501099268"
"master","falco-ref-clear-log","do_truncate","545996022","systemd-journal","master","1789073292501088094"
"master","falco-ref-clear-log","do_truncate","545996022","systemd-journal","master","1789073294001120955"
"master","falco-ref-clear-log","do_truncate","545996022","systemd-journal","master","1789073299501083141"
"master","falco-ref-clear-log","do_truncate","545996022","systemd-journal","master","1789073302501113095"
"master","falco-ref-clear-log","do_truncate","545996022","systemd-journal","master","1789073309501102344"
"master","falco-ref-clear-log","do_truncate","545996022","systemd-journal","master","1789073312501070829"
"master","falco-ref-clear-log","do_truncate","545996022","systemd-journal","master","1789073319501081987"
"master","falco-ref-clear-log","do_truncate","545996022","systemd-journal","master","1789073322501109311"
"master","falco-ref-clear-log","do_truncate","545996022","systemd-journal","master","1789073326889809409"
"master","falco-ref-clear-log","do_truncate","545996022","systemd-journal","master","1789073327251153654"
"master","falco-ref-clear-log","do_truncate","545996022","systemd-journal","master","1789073329501194647"
"master","falco-ref-clear-log","do_truncate","545996022","systemd-journal","master","1789073330001083413"
"master","falco-ref-clear-log","do_truncate","545996022","systemd-journal","master","1789073332501085742"
"master","falco-ref-clear-log","do_truncate","545996022","systemd-journal","master","1789073339501106340"
"master","falco-ref-clear-log","do_truncate","545996022","systemd-journal","master","1789073342501086275"
"master","falco-ref-clear-log","do_truncate","545996022","systemd-journal","master","1789073349501122423"
"master","falco-ref-clear-log","do_truncate","545996022","systemd-journal","master","1789073352501084907"
"master","falco-ref-clear-log","do_truncate","545996022","systemd-journal","master","1789073359501099783"
"master","falco-ref-clear-log","do_truncate","545996022","systemd-journal","master","1789073362501114928"
"master","falco-ref-clear-log","do_truncate","545996022","systemd-journal","master","1789073369501092215"
"master","falco-ref-clear-log","do_truncate","545996022","systemd-journal","master","1789073372501109319"
"master","falco-ref-clear-log","do_truncate","545996022","systemd-journal","master","1789073379501088316"
"master","falco-ref-clear-log","do_truncate","545996022","systemd-journal","master","1789073382501121370"
"master","falco-ref-clear-log","do_truncate","545996022","systemd-journal","master","1789073389501041918"
"master","falco-ref-clear-log","do_truncate","545996022","systemd-journal","master","1789073392501096603"
"master","falco-ref-clear-log","do_truncate","545996022","systemd-journal","master","1789073399501093151"
"master","falco-ref-clear-log","do_truncate","545996022","systemd-journal","master","1789073402501070867"
"master","falco-ref-clear-log","do_truncate","545996022","systemd-journal","master","1789073405501117221"
"master","falco-ref-clear-log","do_truncate","545996022","systemd-journal","master","1789073409501125084"
"master","falco-ref-clear-log","do_truncate","545996022","systemd-journal","master","1789073412501090580"
"master","falco-ref-clear-log","do_truncate","545996022","systemd-journal","master","1789073419501124008"
"master","falco-ref-clear-log","do_truncate","545996022","systemd-journal","master","1789073422501097293"
"master","falco-ref-clear-log","do_truncate","545996022","systemd-journal","master","1789073429501097071"
"master","falco-ref-clear-log","do_truncate","545996022","systemd-journal","master","1789073432501081516"
"master","falco-ref-clear-log","do_truncate","545996022","systemd-journal","master","1789073439501145264"
"master","falco-ref-clear-log","do_truncate","545996022","systemd-journal","master","1789073442501103428"
"master","falco-ref-clear-log","do_truncate","545996022","systemd-journal","master","1789073449501113947"
"master","falco-ref-clear-log","do_truncate","545996022","systemd-journal","master","1789073452501076051"
"master","falco-ref-clear-log","do_truncate","545996022","systemd-journal","master","1789073459501052181"
"master","falco-ref-clear-log","do_truncate","545996022","systemd-journal","master","1789073462501074305"
"master","falco-ref-clear-log","do_truncate","545996022","systemd-journal","master","1789073469501088362"
"master","falco-ref-clear-log","do_truncate","545996022","systemd-journal","master","1789073472501127248"
"master","falco-ref-clear-log","do_truncate","545996022","systemd-journal","master","1789073479501081535"
"master","falco-ref-clear-log","do_truncate","545996022","systemd-journal","master","1789073482501085819"
"worker1","falco-ref-clear-log","do_truncate","2204840935","systemd-journal","worker1","1789072893498428181"
"worker1","falco-ref-clear-log","do_truncate","2204840935","systemd-journal","worker1","1789072896998460603"
"worker1","falco-ref-clear-log","do_truncate","2204840935","systemd-journal","worker1","1789072912498450208"
"worker1","falco-ref-clear-log","do_truncate","2204840935","systemd-journal","worker1","1789072921498440236"
"worker1","falco-ref-clear-log","do_truncate","2204840935","systemd-journal","worker1","1789072923748423125"
"worker1","falco-ref-clear-log","do_truncate","2204840935","systemd-journal","worker1","1789072953748412120"
"worker1","falco-ref-clear-log","do_truncate","2204840935","systemd-journal","worker1","1789072973248422052"
"worker1","falco-ref-clear-log","do_truncate","2204840935","systemd-journal","worker1","1789072983748442856"
"worker1","falco-ref-clear-log","do_truncate","2204840935","systemd-journal","worker1","1789073014748436764"
"worker1","falco-ref-clear-log","do_truncate","2204840935","systemd-journal","worker1","1789073021748412642"
"worker1","falco-ref-clear-log","do_truncate","2204840935","systemd-journal","worker1","1789073044748419763"
"worker1","falco-ref-clear-log","do_truncate","2204840935","systemd-journal","worker1","1789073048498426089"
"worker1","falco-ref-clear-log","do_truncate","2204840935","systemd-journal","worker1","1789073059248465415"
"worker1","falco-ref-clear-log","do_truncate","2204840935","systemd-journal","worker1","1789073074998427391"
"worker1","falco-ref-clear-log","do_truncate","2204840935","systemd-journal","worker1","1789073075998437679"
"worker1","falco-ref-clear-log","do_truncate","2204840935","systemd-journal","worker1","1789073076498448553"
"worker1","falco-ref-clear-log","do_truncate","2204840935","systemd-journal","worker1","1789073080498421756"
"worker1","falco-ref-clear-log","do_truncate","2204840935","systemd-journal","worker1","1789073081085912936"
"worker1","falco-ref-clear-log","do_truncate","2204840935","systemd-journal","worker1","1789073081399225113"
"worker1","falco-ref-clear-log","do_truncate","2204840935","systemd-journal","worker1","1789073081682881336"
"worker1","falco-ref-clear-log","do_truncate","2204840935","systemd-journal","worker1","1789073081998419739"
"worker1","falco-ref-clear-log","do_truncate","2204840935","systemd-journal","worker1","1789073082293411137"
"worker1","falco-ref-clear-log","do_truncate","2204840935","systemd-journal","worker1","1789073082604435387"
"worker1","falco-ref-clear-log","do_truncate","2204840935","systemd-journal","worker1","1789073082857278343"
"worker1","falco-ref-clear-log","do_truncate","2204840935","systemd-journal","worker1","1789073083147818617"
"worker1","falco-ref-clear-log","do_truncate","2204840935","systemd-journal","worker1","1789073083456738720"
"worker1","falco-ref-clear-log","do_truncate","2204840935","systemd-journal","worker1","1789073083748436708"
"worker1","falco-ref-clear-log","do_truncate","2204840935","systemd-journal","worker1","1789073084037746650"
"worker1","falco-ref-clear-log","do_truncate","2204840935","systemd-journal","worker1","1789073084346950612"
"worker1","falco-ref-clear-log","do_truncate","2204840935","systemd-journal","worker1","1789073084650998321"
"worker1","falco-ref-clear-log","do_truncate","2204840935","systemd-journal","worker1","1789073084972439272"
"worker1","falco-ref-clear-log","do_truncate","2204840935","systemd-journal","worker1","1789073085248443071"
"worker1","falco-ref-clear-log","do_truncate","2204840935","systemd-journal","worker1","1789073085575341640"
"worker1","falco-ref-clear-log","do_truncate","2204840935","systemd-journal","worker1","1789073085892226028"
"worker1","falco-ref-clear-log","do_truncate","2204840935","systemd-journal","worker1","1789073086206210336"
"worker1","falco-ref-clear-log","do_truncate","2204840935","systemd-journal","worker1","1789073086498428957"
"worker1","falco-ref-clear-log","do_truncate","2204840935","systemd-journal","worker1","1789073086763819952"
"worker1","falco-ref-clear-log","do_truncate","2204840935","systemd-journal","worker1","1789073087046092670"
"worker1","falco-ref-clear-log","do_truncate","2204840935","systemd-journal","worker1","1789073087325034439"
"worker1","falco-ref-clear-log","do_truncate","2204840935","systemd-journal","worker1","1789073087748399652"
"worker1","falco-ref-clear-log","do_truncate","2204840935","systemd-journal","worker1","1789073104998407742"
"worker1","falco-ref-clear-log","do_truncate","2204840935","systemd-journal","worker1","1789073122998374611"
"worker1","falco-ref-clear-log","do_truncate","2204840935","systemd-journal","worker1","1789073139998420554"
"worker1","falco-ref-clear-log","do_truncate","2204840935","systemd-journal","worker1","1789073142248455728"
"worker1","falco-ref-clear-log","do_truncate","2204840935","systemd-journal","worker1","1789073160998419179"
"worker1","falco-ref-clear-log","do_truncate","2204840935","systemd-journal","worker1","1789073173248441446"
"worker1","falco-ref-clear-log","do_truncate","2204840935","systemd-journal","worker1","1789073194998421043"
"worker1","falco-ref-clear-log","do_truncate","2204840935","systemd-journal","worker1","1789073203248432617"
"worker1","falco-ref-clear-log","do_truncate","2204840935","systemd-journal","worker1","1789073233248439266"
"worker1","falco-ref-clear-log","do_truncate","2204840935","systemd-journal","worker1","1789073266498499110"
"worker1","falco-ref-clear-log","do_truncate","2204840935","systemd-journal","worker1","1789073282248434635"
"worker1","falco-ref-clear-log","do_truncate","2204840935","systemd-journal","worker1","1789073282998453457"
"worker1","falco-ref-clear-log","do_truncate","2204840935","systemd-journal","worker1","1789073296498468170"
"worker1","falco-ref-clear-log","do_truncate","2204840935","systemd-journal","worker1","1789073326498416780"
"worker1","falco-ref-clear-log","do_truncate","2204840935","systemd-journal","worker1","1789073337748488279"
"worker1","falco-ref-clear-log","do_truncate","2204840935","systemd-journal","worker1","1789073356498454670"
"worker1","falco-ref-clear-log","do_truncate","2204840935","systemd-journal","worker1","1789073387498476580"
"worker1","falco-ref-clear-log","do_truncate","2204840935","systemd-journal","worker1","1789073409248440056"
"worker1","falco-ref-clear-log","do_truncate","2204840935","systemd-journal","worker1","1789073417748447247"
"worker1","falco-ref-clear-log","do_truncate","2204840935","systemd-journal","worker1","1789073421248454077"
"worker1","falco-ref-clear-log","do_truncate","2204840935","systemd-journal","worker1","1789073450748447963"
"worker1","falco-ref-clear-log","do_truncate","2204840935","systemd-journal","worker1","1789073477498435191"
"worker1","falco-ref-clear-log","do_truncate","2204840935","systemd-journal","worker1","1789073478998485934"
"worker1","falco-ref-clear-log","do_truncate","2204840935","systemd-journal","worker1","1789073480748489094"
"worker2","falco-ref-clear-log","do_truncate","3660402104","systemd-journal","worker2","1789072888810194985"
"worker2","falco-ref-clear-log","do_truncate","3660402104","systemd-journal","worker2","1789072889196886209"
"worker2","falco-ref-clear-log","do_truncate","3660402104","systemd-journal","worker2","1789072922696873879"
"worker2","falco-ref-clear-log","do_truncate","3660402104","systemd-journal","worker2","1789072980196912392"
"worker2","falco-ref-clear-log","do_truncate","3660402104","systemd-journal","worker2","1789072983946882207"
"worker2","falco-ref-clear-log","do_truncate","3660402104","systemd-journal","worker2","1789073015160180978"
"worker2","falco-ref-clear-log","do_truncate","3660402104","systemd-journal","worker2","1789073015446903749"
"worker2","falco-ref-clear-log","do_truncate","3660402104","systemd-journal","worker2","1789073024696912499"
"worker2","falco-ref-clear-log","do_truncate","3660402104","systemd-journal","worker2","1789073028946974725"
"worker2","falco-ref-clear-log","do_truncate","3660402104","systemd-journal","worker2","1789073044946911658"
"worker2","falco-ref-clear-log","do_truncate","3660402104","systemd-journal","worker2","1789073076696960508"
"worker2","falco-ref-clear-log","do_truncate","3660402104","systemd-journal","worker2","1789073107196875690"
"worker2","falco-ref-clear-log","do_truncate","3660402104","systemd-journal","worker2","1789073142696847613"
"worker2","falco-ref-clear-log","do_truncate","3660402104","systemd-journal","worker2","1789073143196877185"
"worker2","falco-ref-clear-log","do_truncate","3660402104","systemd-journal","worker2","1789073144446880005"
"worker2","falco-ref-clear-log","do_truncate","3660402104","systemd-journal","worker2","1789073167696880592"
"worker2","falco-ref-clear-log","do_truncate","3660402104","systemd-journal","worker2","1789073169446885407"
"worker2","falco-ref-clear-log","do_truncate","3660402104","systemd-journal","worker2","1789073234446912683"
"worker2","falco-ref-clear-log","do_truncate","3660402104","systemd-journal","worker2","1789073247946861295"
"worker2","falco-ref-clear-log","do_truncate","3660402104","systemd-journal","worker2","1789073259446985538"
"worker2","falco-ref-clear-log","do_truncate","3660402104","systemd-journal","worker2","1789073268890560569"
"worker2","falco-ref-clear-log","do_truncate","3660402104","systemd-journal","worker2","1789073269196883965"
"worker2","falco-ref-clear-log","do_truncate","3660402104","systemd-journal","worker2","1789073289196898333"
"worker2","falco-ref-clear-log","do_truncate","3660402104","systemd-journal","worker2","1789073289696866314"
"worker2","falco-ref-clear-log","do_truncate","3660402104","systemd-journal","worker2","1789073292196895760"
"worker2","falco-ref-clear-log","do_truncate","3660402104","systemd-journal","worker2","1789073293446889558"
"worker2","falco-ref-clear-log","do_truncate","3660402104","systemd-journal","worker2","1789073296446879104"
"worker2","falco-ref-clear-log","do_truncate","3660402104","systemd-journal","worker2","1789073354946909863"
"worker2","falco-ref-clear-log","do_truncate","3660402104","systemd-journal","worker2","1789073358196878508"
"worker2","falco-ref-clear-log","do_truncate","3660402104","systemd-journal","worker2","1789073396884877855"
"worker2","falco-ref-clear-log","do_truncate","3660402104","systemd-journal","worker2","1789073397196886022"
"worker2","falco-ref-clear-log","do_truncate","3660402104","systemd-journal","worker2","1789073413696913793"
"worker2","falco-ref-clear-log","do_truncate","3660402104","systemd-journal","worker2","1789073419196904141"
"worker2","falco-ref-clear-log","do_truncate","3660402104","systemd-journal","worker2","1789073450446890633"
"worker2","falco-ref-clear-log","do_truncate","3660402104","systemd-journal","worker2","1789073462446905341"
"worker2","falco-ref-clear-log","do_truncate","3660402104","systemd-journal","worker2","1789073479446877868"
