"Node","Timestamp","ProcessEntityId","ProcessName","HostName","Syscall","Pathname","Length"
"master","1789072882501090564","545996022","systemd-journal","master","ftruncate","/var/log/journal/6555aa9372484d1bae8b3e7524e1ea62/system.journal","33554432"
"master","1789072889501135212","545996022","systemd-journal","master","ftruncate","/var/log/journal/6555aa9372484d1bae8b3e7524e1ea62/system.journal","33554432"
"master","1789072892501085717","545996022","systemd-journal","master","ftruncate","/var/log/journal/6555aa9372484d1bae8b3e7524e1ea62/system.journal","33554432"
"master","1789072899501075515","545996022","systemd-journal","master","ftruncate","/var/log/journal/6555aa9372484d1bae8b3e7524e1ea62/system.journal","33554432"
"master","1789072902501097150","545996022","systemd-journal","master","ftruncate","/var/log/journal/6555aa9372484d1bae8b3e7524e1ea62/system.journal","33554432"
"master","1789072909501105348","545996022","systemd-journal","master","ftruncate","/var/log/journal/6555aa9372484d1bae8b3e7524e1ea62/system.journal","33554432"
"master","1789072912501080403","545996022","systemd-journal","master","ftruncate","/var/log/journal/6555aa9372484d1bae8b3e7524e1ea62/system.journal","33554432"
"master","1789072919501099162","545996022","systemd-journal","master","ftruncate","/var/log/journal/6555aa9372484d1bae8b3e7524e1ea62/system.journal","33554432"
"master","1789072922501082076","545996022","systemd-journal","master","ftruncate","/var/log/journal/6555aa9372484d1bae8b3e7524e1ea62/system.journal","33554432"
"master","1789072929501089094","545996022","systemd-journal","master","ftruncate","/var/log/journal/6555aa9372484d1bae8b3e7524e1ea62/system.journal","33554432"
"master","1789072932501097700","545996022","systemd-journal","master","ftruncate","/var/log/journal/6555aa9372484d1bae8b3e7524e1ea62/system.journal","33554432"
"master","1789072939501104397","545996022","systemd-journal","master","ftruncate","/var/log/journal/6555aa9372484d1bae8b3e7524e1ea62/system.journal","33554432"
"master","1789072942501115871","545996022","systemd-journal","master","ftruncate","/var/log/journal/6555aa9372484d1bae8b3e7524e1ea62/system.journal","33554432"
"master","1789072949501107239","545996022","systemd-journal","master","ftruncate","/var/log/journal/6555aa9372484d1bae8b3e7524e1ea62/system.journal","33554432"
"master","1789072952501131614","545996022","systemd-journal","master","ftruncate","/var/log/journal/6555aa9372484d1bae8b3e7524e1ea62/system.journal","33554432"
"master","1789072954251109104","545996022","systemd-journal","master","ftruncate","/var/log/journal/6555aa9372484d1bae8b3e7524e1ea62/system.journal","33554432"
"master","1789072958251078857","545996022","systemd-journal","master","ftruncate","/var/log/journal/6555aa9372484d1bae8b3e7524e1ea62/system.journal","33554432"
"master","1789072959501077723","545996022","systemd-journal","master","ftruncate","/var/log/journal/6555aa9372484d1bae8b3e7524e1ea62/system.journal","33554432"
"master","1789072962501097627","545996022","systemd-journal","master","ftruncate","/var/log/journal/6555aa9372484d1bae8b3e7524e1ea62/system.journal","33554432"
"master","1789072967501121448","545996022","systemd-journal","master","ftruncate","/var/log/journal/6555aa9372484d1bae8b3e7524e1ea62/system.journal","33554432"
"master","1789072968001081723","545996022","systemd-journal","master","ftruncate","/var/log/journal/6555aa9372484d1bae8b3e7524e1ea62/system.journal","33554432"
"master","1789072969501121174","545996022","systemd-journal","master","ftruncate","/var/log/journal/6555aa9372484d1bae8b3e7524e1ea62/system.journal","33554432"
"master","1789072972501117619","545996022","systemd-journal","master","ftruncate","/var/log/journal/6555aa9372484d1bae8b3e7524e1ea62/system.journal","33554432"
"master","1789072979501056606","545996022","systemd-journal","master","ftruncate","/var/log/journal/6555aa9372484d1bae8b3e7524e1ea62/system.journal","33554432"
"master","1789072982501091571","545996022","systemd-journal","master","ftruncate","/var/log/journal/6555aa9372484d1bae8b3e7524e1ea62/system.journal","33554432"
"master","1789072989501087318","545996022","systemd-journal","master","ftruncate","/var/log/journal/6555aa9372484d1bae8b3e7524e1ea62/system.journal","33554432"
"master","1789072992501096003","545996022","systemd-journal","master","ftruncate","/var/log/journal/6555aa9372484d1bae8b3e7524e1ea62/system.journal","33554432"
"master","1789072999501127740","545996022","systemd-journal","master","ftruncate","/var/log/journal/6555aa9372484d1bae8b3e7524e1ea62/system.journal","33554432"
"master","1789073002501084265","545996022","systemd-journal","master","ftruncate","/var/log/journal/6555aa9372484d1bae8b3e7524e1ea62/system.journal","33554432"
"master","1789073006001126333","545996022","systemd-journal","master","ftruncate","/var/log/journal/6555aa9372484d1bae8b3e7524e1ea62/system.journal","33554432"
"master","1789073009501090292","545996022","systemd-journal","master","ftruncate","/var/log/journal/6555aa9372484d1bae8b3e7524e1ea62/system.journal","33554432"
"master","1789073012501104177","545996022","systemd-journal","master","ftruncate","/var/log/journal/6555aa9372484d1bae8b3e7524e1ea62/system.journal","33554432"
"master","1789073019251084907","545996022","systemd-journal","master","ftruncate","/var/log/journal/6555aa9372484d1bae8b3e7524e1ea62/system.journal","33554432"
"master","1789073022501054828","545996022","systemd-journal","master","ftruncate","/var/log/journal/6555aa9372484d1bae8b3e7524e1ea62/system.journal","33554432"
"master","1789073029501111797","545996022","systemd-journal","master","ftruncate","/var/log/journal/6555aa9372484d1bae8b3e7524e1ea62/system.journal","33554432"
"master","1789073032501115632","545996022","systemd-journal","master","ftruncate","/var/log/journal/6555aa9372484d1bae8b3e7524e1ea62/system.journal","33554432"
"master","1789073039501101990","545996022","systemd-journal","master","ftruncate","/var/log/journal/6555aa9372484d1bae8b3e7524e1ea62/system.journal","33554432"
"master","1789073042501076086","545996022","systemd-journal","master","ftruncate","/var/log/journal/6555aa9372484d1bae8b3e7524e1ea62/system.journal","33554432"
"master","1789073049501132413","545996022","systemd-journal","master","ftruncate","/var/log/journal/6555aa9372484d1bae8b3e7524e1ea62/system.journal","33554432"
"master","1789073052501091928","545996022","systemd-journal","master","ftruncate","/var/log/journal/6555aa9372484d1bae8b3e7524e1ea62/system.journal","33554432"
"master","1789073054251097278","545996022","systemd-journal","master","ftruncate","/var/log/journal/6555aa9372484d1bae8b3e7524e1ea62/system.journal","33554432"
"master","1789073059501078207","545996022","systemd-journal","master","ftruncate","/var/log/journal/6555aa9372484d1bae8b3e7524e1ea62/system.journal","33554432"
"master","1789073062501105352","545996022","systemd-journal","master","ftruncate","/var/log/journal/6555aa9372484d1bae8b3e7524e1ea62/system.journal","33554432"
"master","1789073068251115494","545996022","systemd-journal","master","ftruncate","/var/log/journal/6555aa9372484d1bae8b3e7524e1ea62/system.journal","33554432"
"master","1789073069501096830","545996022","systemd-journal","master","ftruncate","/var/log/journal/6555aa9372484d1bae8b3e7524e1ea62/system.journal","33554432"
"master","1789073072501095584","545996022","systemd-journal","master","ftruncate","/var/log/journal/6555aa9372484d1bae8b3e7524e1ea62/system.journal","33554432"
"master","1789073079501085342","545996022","systemd-journal","master","ftruncate","/var/log/journal/6555aa9372484d1bae8b3e7524e1ea62/system.journal","33554432"
"master","1789073082501112368","545996022","systemd-journal","master","ftruncate","/var/log/journal/6555aa9372484d1bae8b3e7524e1ea62/system.journal","33554432"
"master","1789073089501109136","545996022","systemd-journal","master","ftruncate","/var/log/journal/6555aa9372484d1bae8b3e7524e1ea62/system.journal","33554432"
"master","1789073092501073211","545996022","systemd-journal","master","ftruncate","/var/log/journal/6555aa9372484d1bae8b3e7524e1ea62/system.journal","33554432"
"master","1789073099501117449","545996022","systemd-journal","master","ftruncate","/var/log/journal/6555aa9372484d1bae8b3e7524e1ea62/system.journal","33554432"
"master","1789073102501110034","545996022","systemd-journal","master","ftruncate","/var/log/journal/6555aa9372484d1bae8b3e7524e1ea62/system.journal","33554432"
"master","1789073109501053902","545996022","systemd-journal","master","ftruncate","/var/log/journal/6555aa9372484d1bae8b3e7524e1ea62/system.journal","33554432"
"master","1789073112501096877","545996022","systemd-journal","master","ftruncate","/var/log/journal/6555aa9372484d1bae8b3e7524e1ea62/system.journal","33554432"
"master","1789073119501075345","545996022","systemd-journal","master","ftruncate","/var/log/journal/6555aa9372484d1bae8b3e7524e1ea62/system.journal","33554432"
"master","1789073122251074633","545996022","systemd-journal","master","ftruncate","/var/log/journal/6555aa9372484d1bae8b3e7524e1ea62/system.journal","33554432"
"master","1789073129501109287","545996022","systemd-journal","master","ftruncate","/var/log/journal/6555aa9372484d1bae8b3e7524e1ea62/system.journal","33554432"
"master","1789073132501087732","545996022","systemd-journal","master","ftruncate","/var/log/journal/6555aa9372484d1bae8b3e7524e1ea62/system.journal","33554432"
"master","1789073139501120330","545996022","systemd-journal","master","ftruncate","/var/log/journal/6555aa9372484d1bae8b3e7524e1ea62/system.journal","33554432"
"master","1789073142501062885","545996022","systemd-journal","master","ftruncate","/var/log/journal/6555aa9372484d1bae8b3e7524e1ea62/system.journal","33554432"
"master","1789073147501091705","545996022","systemd-journal","master","ftruncate","/var/log/journal/6555aa9372484d1bae8b3e7524e1ea62/system.journal","33554432"
"master","1789073148001124420","545996022","systemd-journal","master","ftruncate","/var/log/journal/6555aa9372484d1bae8b3e7524e1ea62/system.journal","33554432"
"master","1789073149501129591","545996022","systemd-journal","master","ftruncate","/var/log/journal/6555aa9372484d1bae8b3e7524e1ea62/system.journal","33554432"
"master","1789073152501065327","545996022","systemd-journal","master","ftruncate","/var/log/journal/6555aa9372484d1bae8b3e7524e1ea62/system.journal","33554432"
"master","1789073159501103284","545996022","systemd-journal","master","ftruncate","/var/log/journal/6555aa9372484d1bae8b3e7524e1ea62/system.journal","33554432"
"master","1789073162501134638","545996022","systemd-journal","master","ftruncate","/var/log/journal/6555aa9372484d1bae8b3e7524e1ea62/system.journal","33554432"
"master","1789073169501067247","545996022","systemd-journal","master","ftruncate","/var/log/journal/6555aa9372484d1bae8b3e7524e1ea62/system.journal","33554432"
"master","1789073172501111950","545996022","systemd-journal","master","ftruncate","/var/log/journal/6555aa9372484d1bae8b3e7524e1ea62/system.journal","33554432"
"master","1789073173251205622","545996022","systemd-journal","master","ftruncate","/var/log/journal/6555aa9372484d1bae8b3e7524e1ea62/system.journal","33554432"
"master","1789073179501092868","545996022","systemd-journal","master","ftruncate","/var/log/journal/6555aa9372484d1bae8b3e7524e1ea62/system.journal","33554432"
"master","1789073182501081143","545996022","systemd-journal","master","ftruncate","/var/log/journal/6555aa9372484d1bae8b3e7524e1ea62/system.journal","33554432"
"master","1789073189501087839","545996022","systemd-journal","master","ftruncate","/var/log/journal/6555aa9372484d1bae8b3e7524e1ea62/system.journal","33554432"
"master","1789073192501111793","545996022","systemd-journal","master","ftruncate","/var/log/journal/6555aa9372484d1bae8b3e7524e1ea62/system.journal","33554432"
"master","1789073199501068620","545996022","systemd-journal","master","ftruncate","/var/log/journal/6555aa9372484d1bae8b3e7524e1ea62/system.journal","33554432"
"master","1789073202501123823","545996022","systemd-journal","master","ftruncate","/var/log/journal/6555aa9372484d1bae8b3e7524e1ea62/system.journal","33554432"
"master","1789073209501084332","545996022","systemd-journal","master","ftruncate","/var/log/journal/6555aa9372484d1bae8b3e7524e1ea62/system.journal","33554432"
"master","1789073212501072087","545996022","systemd-journal","master","ftruncate","/var/log/journal/6555aa9372484d1bae8b3e7524e1ea62/system.journal","33554432"
"master","1789073219501126345","545996022","systemd-journal","master","ftruncate","/var/log/journal/6555aa9372484d1bae8b3e7524e1ea62/system.journal","33554432"
"master","1789073222501088201","545996022","systemd-journal","master","ftruncate","/var/log/journal/6555aa9372484d1bae8b3e7524e1ea62/system.journal","33554432"
"master","1789073229501133479","545996022","systemd-journal","master","ftruncate","/var/log/journal/6555aa9372484d1bae8b3e7524e1ea62/system.journal","33554432"
"master","1789073232501245293","545996022","systemd-journal","master","ftruncate","/var/log/journal/6555aa9372484d1bae8b3e7524e1ea62/system.journal","33554432"
"master","1789073239501109113","545996022","systemd-journal","master","ftruncate","/var/log/journal/6555aa9372484d1bae8b3e7524e1ea62/system.journal","33554432"
"master","1789073242501061718","545996022","systemd-journal","master","ftruncate","/var/log/journal/6555aa9372484d1bae8b3e7524e1ea62/system.journal","33554432"
"master","1789073249501083397","545996022","systemd-journal","master","ftruncate","/var/log/journal/6555aa9372484d1bae8b3e7524e1ea62/system.journal","33554432"
"master","1789073252501088872","545996022","systemd-journal","master","ftruncate","/var/log/journal/6555aa9372484d1bae8b3e7524e1ea62/system.journal","33554432"
"master","1789073259501087109","545996022","systemd-journal","master","ftruncate","/var/log/journal/6555aa9372484d1bae8b3e7524e1ea62/system.journal","33554432"
"master","1789073262213276488","545996022","systemd-journal","master","ftruncate","/var/log/journal/6555aa9372484d1bae8b3e7524e1ea62/system.journal","33554432"
"master","1789073262501090474","545996022","systemd-journal","master","ftruncate","/var/log/journal/6555aa9372484d1bae8b3e7524e1ea62/system.journal","33554432"
"master","1789073269501126093","545996022","systemd-journal","master","ftruncate","/var/log/journal/6555aa9372484d1bae8b3e7524e1ea62/system.journal","33554432"
"master","1789073272501057208","545996022","systemd-journal","master","ftruncate","/var/log/journal/6555aa9372484d1bae8b3e7524e1ea62/system.journal","33554432"
"master","1789073279501099486","545996022","systemd-journal","master","ftruncate","/var/log/journal/6555aa9372484d1bae8b3e7524e1ea62/system.journal","33554432"
"master","1789073282222945608","545996022","systemd-journal","master","ftruncate","/var/log/journal/6555aa9372484d1bae8b3e7524e1ea62/system.journal","33554432"
"master","1789073282501059001","545996022","systemd-journal","master","ftruncate","/var/log/journal/6555aa9372484d1bae8b3e7524e1ea62/system.journal","33554432"
"master","1789073289501099268","545996022","systemd-journal","master","ftruncate","/var/log/journal/6555aa9372484d1bae8b3e7524e1ea62/system.journal","33554432"
"master","1789073292501088094","545996022","systemd-journal","master","ftruncate","/var/log/journal/6555aa9372484d1bae8b3e7524e1ea62/system.journal","33554432"
"master","1789073294001120955","545996022","systemd-journal","master","ftruncate","/var/log/journal/6555aa9372484d1bae8b3e7524e1ea62/system.journal","33554432"
"master","1789073299501083141","545996022","systemd-journal","master","ftruncate","/var/log/journal/6555aa9372484d1bae8b3e7524e1ea62/system.journal","33554432"
"master","1789073302501113095","545996022","systemd-journal","master","ftruncate","/var/log/journal/6555aa9372484d1bae8b3e7524e1ea62/system.journal","33554432"
"master","1789073309501102344","545996022","systemd-journal","master","ftruncate","/var/log/journal/6555aa9372484d1bae8b3e7524e1ea62/system.journal","33554432"
"master","1789073312501070829","545996022","systemd-journal","master","ftruncate","/var/log/journal/6555aa9372484d1bae8b3e7524e1ea62/system.journal","33554432"
"master","1789073319501081987","545996022","systemd-journal","master","ftruncate","/var/log/journal/6555aa9372484d1bae8b3e7524e1ea62/system.journal","33554432"
"master","1789073322501109311","545996022","systemd-journal","master","ftruncate","/var/log/journal/6555aa9372484d1bae8b3e7524e1ea62/system.journal","33554432"
"master","1789073326889809409","545996022","systemd-journal","master","ftruncate","/var/log/journal/6555aa9372484d1bae8b3e7524e1ea62/system.journal","33554432"
"master","1789073327251153654","545996022","systemd-journal","master","ftruncate","/var/log/journal/6555aa9372484d1bae8b3e7524e1ea62/system.journal","33554432"
"master","1789073329501194647","545996022","systemd-journal","master","ftruncate","/var/log/journal/6555aa9372484d1bae8b3e7524e1ea62/system.journal","33554432"
"master","1789073330001083413","545996022","systemd-journal","master","ftruncate","/var/log/journal/6555aa9372484d1bae8b3e7524e1ea62/system.journal","33554432"
"master","1789073332501085742","545996022","systemd-journal","master","ftruncate","/var/log/journal/6555aa9372484d1bae8b3e7524e1ea62/system.journal","33554432"
"master","1789073339501106340","545996022","systemd-journal","master","ftruncate","/var/log/journal/6555aa9372484d1bae8b3e7524e1ea62/system.journal","33554432"
"master","1789073342501086275","545996022","systemd-journal","master","ftruncate","/var/log/journal/6555aa9372484d1bae8b3e7524e1ea62/system.journal","33554432"
"master","1789073349501122423","545996022","systemd-journal","master","ftruncate","/var/log/journal/6555aa9372484d1bae8b3e7524e1ea62/system.journal","33554432"
"master","1789073352501084907","545996022","systemd-journal","master","ftruncate","/var/log/journal/6555aa9372484d1bae8b3e7524e1ea62/system.journal","33554432"
"master","1789073359501099783","545996022","systemd-journal","master","ftruncate","/var/log/journal/6555aa9372484d1bae8b3e7524e1ea62/system.journal","33554432"
"master","1789073362501114928","545996022","systemd-journal","master","ftruncate","/var/log/journal/6555aa9372484d1bae8b3e7524e1ea62/system.journal","33554432"
"master","1789073369501092215","545996022","systemd-journal","master","ftruncate","/var/log/journal/6555aa9372484d1bae8b3e7524e1ea62/system.journal","33554432"
"master","1789073372501109319","545996022","systemd-journal","master","ftruncate","/var/log/journal/6555aa9372484d1bae8b3e7524e1ea62/system.journal","33554432"
"master","1789073379501088316","545996022","systemd-journal","master","ftruncate","/var/log/journal/6555aa9372484d1bae8b3e7524e1ea62/system.journal","33554432"
"master","1789073382501121370","545996022","systemd-journal","master","ftruncate","/var/log/journal/6555aa9372484d1bae8b3e7524e1ea62/system.journal","33554432"
"master","1789073389501041918","545996022","systemd-journal","master","ftruncate","/var/log/journal/6555aa9372484d1bae8b3e7524e1ea62/system.journal","33554432"
"master","1789073392501096603","545996022","systemd-journal","master","ftruncate","/var/log/journal/6555aa9372484d1bae8b3e7524e1ea62/system.journal","33554432"
"master","1789073399501093151","545996022","systemd-journal","master","ftruncate","/var/log/journal/6555aa9372484d1bae8b3e7524e1ea62/system.journal","33554432"
"master","1789073402501070867","545996022","systemd-journal","master","ftruncate","/var/log/journal/6555aa9372484d1bae8b3e7524e1ea62/system.journal","33554432"
"master","1789073405501117221","545996022","systemd-journal","master","ftruncate","/var/log/journal/6555aa9372484d1bae8b3e7524e1ea62/system.journal","33554432"
"master","1789073409501125084","545996022","systemd-journal","master","ftruncate","/var/log/journal/6555aa9372484d1bae8b3e7524e1ea62/system.journal","33554432"
"master","1789073412501090580","545996022","systemd-journal","master","ftruncate","/var/log/journal/6555aa9372484d1bae8b3e7524e1ea62/system.journal","33554432"
"master","1789073419501124008","545996022","systemd-journal","master","ftruncate","/var/log/journal/6555aa9372484d1bae8b3e7524e1ea62/system.journal","33554432"
"master","1789073422501097293","545996022","systemd-journal","master","ftruncate","/var/log/journal/6555aa9372484d1bae8b3e7524e1ea62/system.journal","33554432"
"master","1789073429501097071","545996022","systemd-journal","master","ftruncate","/var/log/journal/6555aa9372484d1bae8b3e7524e1ea62/system.journal","33554432"
"master","1789073432501081516","545996022","systemd-journal","master","ftruncate","/var/log/journal/6555aa9372484d1bae8b3e7524e1ea62/system.journal","33554432"
"master","1789073439501145264","545996022","systemd-journal","master","ftruncate","/var/log/journal/6555aa9372484d1bae8b3e7524e1ea62/system.journal","33554432"
"master","1789073442501103428","545996022","systemd-journal","master","ftruncate","/var/log/journal/6555aa9372484d1bae8b3e7524e1ea62/system.journal","33554432"
"master","1789073449501113947","545996022","systemd-journal","master","ftruncate","/var/log/journal/6555aa9372484d1bae8b3e7524e1ea62/system.journal","33554432"
"master","1789073452501076051","545996022","systemd-journal","master","ftruncate","/var/log/journal/6555aa9372484d1bae8b3e7524e1ea62/system.journal","33554432"
"master","1789073459501052181","545996022","systemd-journal","master","ftruncate","/var/log/journal/6555aa9372484d1bae8b3e7524e1ea62/system.journal","33554432"
"master","1789073462501074305","545996022","systemd-journal","master","ftruncate","/var/log/journal/6555aa9372484d1bae8b3e7524e1ea62/system.journal","33554432"
"master","1789073469501088362","545996022","systemd-journal","master","ftruncate","/var/log/journal/6555aa9372484d1bae8b3e7524e1ea62/system.journal","33554432"
"master","1789073472501127248","545996022","systemd-journal","master","ftruncate","/var/log/journal/6555aa9372484d1bae8b3e7524e1ea62/system.journal","33554432"
"master","1789073479501081535","545996022","systemd-journal","master","ftruncate","/var/log/journal/6555aa9372484d1bae8b3e7524e1ea62/system.journal","33554432"
"master","1789073482501085819","545996022","systemd-journal","master","ftruncate","/var/log/journal/6555aa9372484d1bae8b3e7524e1ea62/system.journal","33554432"
"worker1","1789072893498428181","2204840935","systemd-journal","worker1","ftruncate","/var/log/journal/63cd1cb10b804f47b2519f5886839092/system.journal","25165824"
"worker1","1789072896998460603","2204840935","systemd-journal","worker1","ftruncate","/var/log/journal/63cd1cb10b804f47b2519f5886839092/system.journal","25165824"
"worker1","1789072912498450208","2204840935","systemd-journal","worker1","ftruncate","/var/log/journal/63cd1cb10b804f47b2519f5886839092/system.journal","25165824"
"worker1","1789072921498440236","2204840935","systemd-journal","worker1","ftruncate","/var/log/journal/63cd1cb10b804f47b2519f5886839092/system.journal","25165824"
"worker1","1789072923748423125","2204840935","systemd-journal","worker1","ftruncate","/var/log/journal/63cd1cb10b804f47b2519f5886839092/system.journal","25165824"
"worker1","1789072953748412120","2204840935","systemd-journal","worker1","ftruncate","/var/log/journal/63cd1cb10b804f47b2519f5886839092/system.journal","25165824"
"worker1","1789072973248422052","2204840935","systemd-journal","worker1","ftruncate","/var/log/journal/63cd1cb10b804f47b2519f5886839092/system.journal","25165824"
"worker1","1789072983748442856","2204840935","systemd-journal","worker1","ftruncate","/var/log/journal/63cd1cb10b804f47b2519f5886839092/system.journal","25165824"
"worker1","1789073014748436764","2204840935","systemd-journal","worker1","ftruncate","/var/log/journal/63cd1cb10b804f47b2519f5886839092/system.journal","25165824"
"worker1","1789073021748412642","2204840935","systemd-journal","worker1","ftruncate","/var/log/journal/63cd1cb10b804f47b2519f5886839092/system.journal","25165824"
"worker1","1789073044748419763","2204840935","systemd-journal","worker1","ftruncate","/var/log/journal/63cd1cb10b804f47b2519f5886839092/system.journal","25165824"
"worker1","1789073048498426089","2204840935","systemd-journal","worker1","ftruncate","/var/log/journal/63cd1cb10b804f47b2519f5886839092/system.journal","25165824"
"worker1","1789073059248465415","2204840935","systemd-journal","worker1","ftruncate","/var/log/journal/63cd1cb10b804f47b2519f5886839092/system.journal","25165824"
"worker1","1789073074998427391","2204840935","systemd-journal","worker1","ftruncate","/var/log/journal/63cd1cb10b804f47b2519f5886839092/system.journal","25165824"
"worker1","1789073075998437679","2204840935","systemd-journal","worker1","ftruncate","/var/log/journal/63cd1cb10b804f47b2519f5886839092/system.journal","25165824"
"worker1","1789073076498448553","2204840935","systemd-journal","worker1","ftruncate","/var/log/journal/63cd1cb10b804f47b2519f5886839092/system.journal","25165824"
"worker1","1789073080498421756","2204840935","systemd-journal","worker1","ftruncate","/var/log/journal/63cd1cb10b804f47b2519f5886839092/system.journal","25165824"
"worker1","1789073081085912936","2204840935","systemd-journal","worker1","ftruncate","/var/log/journal/63cd1cb10b804f47b2519f5886839092/system.journal","25165824"
"worker1","1789073081399225113","2204840935","systemd-journal","worker1","ftruncate","/var/log/journal/63cd1cb10b804f47b2519f5886839092/system.journal","25165824"
"worker1","1789073081682881336","2204840935","systemd-journal","worker1","ftruncate","/var/log/journal/63cd1cb10b804f47b2519f5886839092/system.journal","25165824"
"worker1","1789073081998419739","2204840935","systemd-journal","worker1","ftruncate","/var/log/journal/63cd1cb10b804f47b2519f5886839092/system.journal","25165824"
"worker1","1789073082293411137","2204840935","systemd-journal","worker1","ftruncate","/var/log/journal/63cd1cb10b804f47b2519f5886839092/system.journal","25165824"
"worker1","1789073082604435387","2204840935","systemd-journal","worker1","ftruncate","/var/log/journal/63cd1cb10b804f47b2519f5886839092/system.journal","25165824"
"worker1","1789073082857278343","2204840935","systemd-journal","worker1","ftruncate","/var/log/journal/63cd1cb10b804f47b2519f5886839092/system.journal","25165824"
"worker1","1789073083147818617","2204840935","systemd-journal","worker1","ftruncate","/var/log/journal/63cd1cb10b804f47b2519f5886839092/system.journal","25165824"
"worker1","1789073083456738720","2204840935","systemd-journal","worker1","ftruncate","/var/log/journal/63cd1cb10b804f47b2519f5886839092/system.journal","25165824"
"worker1","1789073083748436708","2204840935","systemd-journal","worker1","ftruncate","/var/log/journal/63cd1cb10b804f47b2519f5886839092/system.journal","25165824"
"worker1","1789073084037746650","2204840935","systemd-journal","worker1","ftruncate","/var/log/journal/63cd1cb10b804f47b2519f5886839092/system.journal","25165824"
"worker1","1789073084346950612","2204840935","systemd-journal","worker1","ftruncate","/var/log/journal/63cd1cb10b804f47b2519f5886839092/system.journal","25165824"
"worker1","1789073084650998321","2204840935","systemd-journal","worker1","ftruncate","/var/log/journal/63cd1cb10b804f47b2519f5886839092/system.journal","25165824"
"worker1","1789073084972439272","2204840935","systemd-journal","worker1","ftruncate","/var/log/journal/63cd1cb10b804f47b2519f5886839092/system.journal","25165824"
"worker1","1789073085248443071","2204840935","systemd-journal","worker1","ftruncate","/var/log/journal/63cd1cb10b804f47b2519f5886839092/system.journal","25165824"
"worker1","1789073085575341640","2204840935","systemd-journal","worker1","ftruncate","/var/log/journal/63cd1cb10b804f47b2519f5886839092/system.journal","25165824"
"worker1","1789073085892226028","2204840935","systemd-journal","worker1","ftruncate","/var/log/journal/63cd1cb10b804f47b2519f5886839092/system.journal","25165824"
"worker1","1789073086206210336","2204840935","systemd-journal","worker1","ftruncate","/var/log/journal/63cd1cb10b804f47b2519f5886839092/system.journal","25165824"
"worker1","1789073086498428957","2204840935","systemd-journal","worker1","ftruncate","/var/log/journal/63cd1cb10b804f47b2519f5886839092/system.journal","25165824"
"worker1","1789073086763819952","2204840935","systemd-journal","worker1","ftruncate","/var/log/journal/63cd1cb10b804f47b2519f5886839092/system.journal","25165824"
"worker1","1789073087046092670","2204840935","systemd-journal","worker1","ftruncate","/var/log/journal/63cd1cb10b804f47b2519f5886839092/system.journal","25165824"
"worker1","1789073087325034439","2204840935","systemd-journal","worker1","ftruncate","/var/log/journal/63cd1cb10b804f47b2519f5886839092/system.journal","25165824"
"worker1","1789073087748399652","2204840935","systemd-journal","worker1","ftruncate","/var/log/journal/63cd1cb10b804f47b2519f5886839092/system.journal","25165824"
"worker1","1789073104998407742","2204840935","systemd-journal","worker1","ftruncate","/var/log/journal/63cd1cb10b804f47b2519f5886839092/system.journal","25165824"
"worker1","1789073122998374611","2204840935","systemd-journal","worker1","ftruncate","/var/log/journal/63cd1cb10b804f47b2519f5886839092/system.journal","25165824"
"worker1","1789073139998420554","2204840935","systemd-journal","worker1","ftruncate","/var/log/journal/63cd1cb10b804f47b2519f5886839092/system.journal","25165824"
"worker1","1789073142248455728","2204840935","systemd-journal","worker1","ftruncate","/var/log/journal/63cd1cb10b804f47b2519f5886839092/system.journal","25165824"
"worker1","1789073160998419179","2204840935","systemd-journal","worker1","ftruncate","/var/log/journal/63cd1cb10b804f47b2519f5886839092/system.journal","25165824"
"worker1","1789073173248441446","2204840935","systemd-journal","worker1","ftruncate","/var/log/journal/63cd1cb10b804f47b2519f5886839092/system.journal","25165824"
"worker1","1789073194998421043","2204840935","systemd-journal","worker1","ftruncate","/var/log/journal/63cd1cb10b804f47b2519f5886839092/system.journal","25165824"
"worker1","1789073203248432617","2204840935","systemd-journal","worker1","ftruncate","/var/log/journal/63cd1cb10b804f47b2519f5886839092/system.journal","25165824"
"worker1","1789073233248439266","2204840935","systemd-journal","worker1","ftruncate","/var/log/journal/63cd1cb10b804f47b2519f5886839092/system.journal","25165824"
"worker1","1789073266498499110","2204840935","systemd-journal","worker1","ftruncate","/var/log/journal/63cd1cb10b804f47b2519f5886839092/system.journal","25165824"
"worker1","1789073282248434635","2204840935","systemd-journal","worker1","ftruncate","/var/log/journal/63cd1cb10b804f47b2519f5886839092/system.journal","25165824"
"worker1","1789073282998453457","2204840935","systemd-journal","worker1","ftruncate","/var/log/journal/63cd1cb10b804f47b2519f5886839092/system.journal","25165824"
"worker1","1789073296498468170","2204840935","systemd-journal","worker1","ftruncate","/var/log/journal/63cd1cb10b804f47b2519f5886839092/system.journal","25165824"
"worker1","1789073326498416780","2204840935","systemd-journal","worker1","ftruncate","/var/log/journal/63cd1cb10b804f47b2519f5886839092/system.journal","25165824"
"worker1","1789073337748488279","2204840935","systemd-journal","worker1","ftruncate","/var/log/journal/63cd1cb10b804f47b2519f5886839092/system.journal","25165824"
"worker1","1789073356498454670","2204840935","systemd-journal","worker1","ftruncate","/var/log/journal/63cd1cb10b804f47b2519f5886839092/system.journal","25165824"
"worker1","1789073387498476580","2204840935","systemd-journal","worker1","ftruncate","/var/log/journal/63cd1cb10b804f47b2519f5886839092/system.journal","25165824"
"worker1","1789073409248440056","2204840935","systemd-journal","worker1","ftruncate","/var/log/journal/63cd1cb10b804f47b2519f5886839092/system.journal","25165824"
"worker1","1789073417748447247","2204840935","systemd-journal","worker1","ftruncate","/var/log/journal/63cd1cb10b804f47b2519f5886839092/system.journal","25165824"
"worker1","1789073421248454077","2204840935","systemd-journal","worker1","ftruncate","/var/log/journal/63cd1cb10b804f47b2519f5886839092/system.journal","25165824"
"worker1","1789073450748447963","2204840935","systemd-journal","worker1","ftruncate","/var/log/journal/63cd1cb10b804f47b2519f5886839092/system.journal","25165824"
"worker1","1789073477498435191","2204840935","systemd-journal","worker1","ftruncate","/var/log/journal/63cd1cb10b804f47b2519f5886839092/system.journal","25165824"
"worker1","1789073478998485934","2204840935","systemd-journal","worker1","ftruncate","/var/log/journal/63cd1cb10b804f47b2519f5886839092/system.journal","25165824"
"worker1","1789073480748489094","2204840935","systemd-journal","worker1","ftruncate","/var/log/journal/63cd1cb10b804f47b2519f5886839092/system.journal","25165824"
"worker2","1789072888810194985","3660402104","systemd-journal","worker2","ftruncate","/var/log/journal/41cee12265b84ff6ad707ec9f5801051/system.journal","25165824"
"worker2","1789072889196886209","3660402104","systemd-journal","worker2","ftruncate","/var/log/journal/41cee12265b84ff6ad707ec9f5801051/system.journal","25165824"
"worker2","1789072922696873879","3660402104","systemd-journal","worker2","ftruncate","/var/log/journal/41cee12265b84ff6ad707ec9f5801051/system.journal","25165824"
"worker2","1789072980196912392","3660402104","systemd-journal","worker2","ftruncate","/var/log/journal/41cee12265b84ff6ad707ec9f5801051/system.journal","25165824"
"worker2","1789072983946882207","3660402104","systemd-journal","worker2","ftruncate","/var/log/journal/41cee12265b84ff6ad707ec9f5801051/system.journal","25165824"
"worker2","1789073015160180978","3660402104","systemd-journal","worker2","ftruncate","/var/log/journal/41cee12265b84ff6ad707ec9f5801051/system.journal","25165824"
"worker2","1789073015446903749","3660402104","systemd-journal","worker2","ftruncate","/var/log/journal/41cee12265b84ff6ad707ec9f5801051/system.journal","25165824"
"worker2","1789073024696912499","3660402104","systemd-journal","worker2","ftruncate","/var/log/journal/41cee12265b84ff6ad707ec9f5801051/system.journal","25165824"
"worker2","1789073028946974725","3660402104","systemd-journal","worker2","ftruncate","/var/log/journal/41cee12265b84ff6ad707ec9f5801051/system.journal","25165824"
"worker2","1789073044946911658","3660402104","systemd-journal","worker2","ftruncate","/var/log/journal/41cee12265b84ff6ad707ec9f5801051/system.journal","25165824"
"worker2","1789073076696960508","3660402104","systemd-journal","worker2","ftruncate","/var/log/journal/41cee12265b84ff6ad707ec9f5801051/system.journal","25165824"
"worker2","1789073107196875690","3660402104","systemd-journal","worker2","ftruncate","/var/log/journal/41cee12265b84ff6ad707ec9f5801051/system.journal","25165824"
"worker2","1789073142696847613","3660402104","systemd-journal","worker2","ftruncate","/var/log/journal/41cee12265b84ff6ad707ec9f5801051/system.journal","25165824"
"worker2","1789073143196877185","3660402104","systemd-journal","worker2","ftruncate","/var/log/journal/41cee12265b84ff6ad707ec9f5801051/system.journal","25165824"
"worker2","1789073144446880005","3660402104","systemd-journal","worker2","ftruncate","/var/log/journal/41cee12265b84ff6ad707ec9f5801051/system.journal","25165824"
"worker2","1789073167696880592","3660402104","systemd-journal","worker2","ftruncate","/var/log/journal/41cee12265b84ff6ad707ec9f5801051/system.journal","25165824"
"worker2","1789073169446885407","3660402104","systemd-journal","worker2","ftruncate","/var/log/journal/41cee12265b84ff6ad707ec9f5801051/system.journal","25165824"
"worker2","1789073234446912683","3660402104","systemd-journal","worker2","ftruncate","/var/log/journal/41cee12265b84ff6ad707ec9f5801051/system.journal","25165824"
"worker2","1789073247946861295","3660402104","systemd-journal","worker2","ftruncate","/var/log/journal/41cee12265b84ff6ad707ec9f5801051/system.journal","25165824"
"worker2","1789073259446985538","3660402104","systemd-journal","worker2","ftruncate","/var/log/journal/41cee12265b84ff6ad707ec9f5801051/system.journal","25165824"
"worker2","1789073268890560569","3660402104","systemd-journal","worker2","ftruncate","/var/log/journal/41cee12265b84ff6ad707ec9f5801051/system.journal","25165824"
"worker2","1789073269196883965","3660402104","systemd-journal","worker2","ftruncate","/var/log/journal/41cee12265b84ff6ad707ec9f5801051/system.journal","25165824"
"worker2","1789073289196898333","3660402104","systemd-journal","worker2","ftruncate","/var/log/journal/41cee12265b84ff6ad707ec9f5801051/system.journal","25165824"
"worker2","1789073289696866314","3660402104","systemd-journal","worker2","ftruncate","/var/log/journal/41cee12265b84ff6ad707ec9f5801051/system.journal","25165824"
"worker2","1789073292196895760","3660402104","systemd-journal","worker2","ftruncate","/var/log/journal/41cee12265b84ff6ad707ec9f5801051/system.journal","25165824"
"worker2","1789073293446889558","3660402104","systemd-journal","worker2","ftruncate","/var/log/journal/41cee12265b84ff6ad707ec9f5801051/system.journal","25165824"
"worker2","1789073296446879104","3660402104","systemd-journal","worker2","ftruncate","/var/log/journal/41cee12265b84ff6ad707ec9f5801051/system.journal","25165824"
"worker2","1789073354946909863","3660402104","systemd-journal","worker2","ftruncate","/var/log/journal/41cee12265b84ff6ad707ec9f5801051/system.journal","25165824"
"worker2","1789073358196878508","3660402104","systemd-journal","worker2","ftruncate","/var/log/journal/41cee12265b84ff6ad707ec9f5801051/system.journal","25165824"
"worker2","1789073396884877855","3660402104","systemd-journal","worker2","ftruncate","/var/log/journal/41cee12265b84ff6ad707ec9f5801051/system.journal","25165824"
"worker2","1789073397196886022","3660402104","systemd-journal","worker2","ftruncate","/var/log/journal/41cee12265b84ff6ad707ec9f5801051/system.journal","25165824"
"worker2","1789073413696913793","3660402104","systemd-journal","worker2","ftruncate","/var/log/journal/41cee12265b84ff6ad707ec9f5801051/system.journal","25165824"
"worker2","1789073419196904141","3660402104","systemd-journal","worker2","ftruncate","/var/log/journal/41cee12265b84ff6ad707ec9f5801051/system.journal","25165824"
"worker2","1789073450446890633","3660402104","systemd-journal","worker2","ftruncate","/var/log/journal/41cee12265b84ff6ad707ec9f5801051/system.journal","25165824"
"worker2","1789073462446905341","3660402104","systemd-journal","worker2","ftruncate","/var/log/journal/41cee12265b84ff6ad707ec9f5801051/system.journal","25165824"
"worker2","1789073479446877868","3660402104","systemd-journal","worker2","ftruncate","/var/log/journal/41cee12265b84ff6ad707ec9f5801051/system.journal","25165824"
