"RawRecords","Policy","ExecID"
"1","falco-ref-private-key-search","bWFzdGVyOjI4NDg1Njk3NzYzODg2NzE6MzQ1MTc0NQ=="
"1","falco-ref-private-key-search","bWFzdGVyOjI4NDg1Njk5NzE5NzczMzA6MzQ1MTc2Mw=="
"1","falco-ref-private-key-search","bWFzdGVyOjI4NDg1NzUwMTczNzA1MTk6MzQ1MTgyNA=="
"1","falco-ref-private-key-search","bWFzdGVyOjI4NDg1NzUxOTQ4MjMzOTY6MzQ1MTg2Nw=="
"1","falco-ref-private-key-search","bWFzdGVyOjI4NDg1ODA0MjkwOTUyNTY6MzQ1MTk0NQ=="
"1","falco-ref-private-key-search","bWFzdGVyOjI4NDg1ODAyMzYwOTk5NzU6MzQ1MTkyNw=="
"1","falco-ref-private-key-search","bWFzdGVyOjI4NDg1ODU0ODQ2MDIzMTY6MzQ1MjAxOQ=="
"1","falco-ref-private-key-search","bWFzdGVyOjI4NDg1ODU2NzUxNTc4NTk6MzQ1MjAzNw=="
"1","falco-ref-private-key-search","bWFzdGVyOjI4NDg1OTA3MjI5ODkyOTc6MzQ1MjA5NQ=="
"1","falco-ref-private-key-search","bWFzdGVyOjI4NDg1OTA5MTIxNzc1MDY6MzQ1MjExNA=="
"1","falco-ref-private-key-search","bWFzdGVyOjI4NDg1OTU5NjkyODcyOTE6MzQ1MjE3NA=="
"1","falco-ref-private-key-search","bWFzdGVyOjI4NDg1OTYxNTUwNjIxNDc6MzQ1MjE5Mg=="
"1","falco-ref-private-key-search","bWFzdGVyOjI4NDg2MDE0MDM0MjY0MDk6MzQ1MjI3MA=="
"1","falco-ref-private-key-search","bWFzdGVyOjI4NDg2MDEyMDU0NTczODg6MzQ1MjI1Mg=="
"1","falco-ref-private-key-search","bWFzdGVyOjI4NDg2MDY0NTk0Njg1ODM6MzQ1MjM1NQ=="
"1","falco-ref-private-key-search","bWFzdGVyOjI4NDg2MDY2MzkzMjEzOTA6MzQ1MjM3Mw=="
"1","falco-ref-private-key-search","bWFzdGVyOjI4NDg2Mjc0NDE1MTIyNDY6MzQ1MjY3NQ=="
"1","falco-ref-private-key-search","bWFzdGVyOjI4NDg2Mjc2MDQwNDU2MTY6MzQ1MjY5Mw=="
"1","falco-ref-private-key-search","bWFzdGVyOjI4NDg2MjIyMDY3NTYyMTg6MzQ1MjU3Mw=="
"1","falco-ref-private-key-search","bWFzdGVyOjI4NDg2MjIzOTc2NTM3ODM6MzQ1MjU5Mg=="
"1","falco-ref-private-key-search","bWFzdGVyOjI4NDg2MTcxNTE3NzE0NTA6MzQ1MjUzNQ=="
"1","falco-ref-private-key-search","bWFzdGVyOjI4NDg2MTE2ODc0MjkwOTU6MzQ1MjQxMQ=="
"1","falco-ref-private-key-search","bWFzdGVyOjI4NDg2MTE4OTI2OTczMDE6MzQ1MjQzMA=="
"1","falco-ref-private-key-search","bWFzdGVyOjI4NDg2MTY5NDkzODI5NTA6MzQ1MjUxNw=="
"1","falco-ref-private-key-search","bWFzdGVyOjI4NDg2Mzc5MDYyOTEzODM6MzQ1MjgzNg=="
"1","falco-ref-private-key-search","bWFzdGVyOjI4NDg2MzgwODY0NzA2NDk6MzQ1Mjg1NA=="
"1","falco-ref-private-key-search","bWFzdGVyOjI4NDg2MzI2NDcxODM0NDA6MzQ1MjczMQ=="
"1","falco-ref-private-key-search","bWFzdGVyOjI4NDg2MzI4NTY0MzM3NTY6MzQ1Mjc1MA=="
"1","falco-ref-private-key-search","bWFzdGVyOjI4NDg2NDg0NTEzNjY2MTY6MzQ1MzAxOQ=="
"1","falco-ref-private-key-search","bWFzdGVyOjI4NDg2NDgzMDQ4Mzk4Mjg6MzQ1MzAwMQ=="
"1","falco-ref-private-key-search","bWFzdGVyOjI4NDg2NDMxMzM1MDUxOTM6MzQ1Mjg5Mg=="
"1","falco-ref-private-key-search","bWFzdGVyOjI4NDg2NDMyNjUwNTcwNjI6MzQ1MjkzNA=="
"1","falco-ref-private-key-search","bWFzdGVyOjI4NDg2NjkyMzM4MjQ2MzU6MzQ1MzMyNA=="
"1","falco-ref-private-key-search","bWFzdGVyOjI4NDg2NjkzOTExMDIwNDE6MzQ1MzM0Mg=="
"1","falco-ref-private-key-search","bWFzdGVyOjI4NDg2NjQwMjAyNzI5MjQ6MzQ1MzI0Ng=="
"1","falco-ref-private-key-search","bWFzdGVyOjI4NDg2NjQxOTY0MzA3NTg6MzQ1MzI2NA=="
"1","falco-ref-private-key-search","bWFzdGVyOjI4NDg2NTg3NDYzMDM5MzI6MzQ1MzE2Nw=="
"1","falco-ref-private-key-search","bWFzdGVyOjI4NDg2NTg5NTk3NTI0MTk6MzQ1MzE4NQ=="
"1","falco-ref-private-key-search","bWFzdGVyOjI4NDg2NTM1MDM0NjM1NTI6MzQ1MzA4Mg=="
"1","falco-ref-private-key-search","bWFzdGVyOjI4NDg2NTM2OTc3NzA1MzA6MzQ1MzEwNg=="
"1","falco-ref-private-key-search","bWFzdGVyOjI4NDg2Nzk3MDUzNjU4MDI6MzQ1MzQ5Mg=="
"1","falco-ref-private-key-search","bWFzdGVyOjI4NDg2Nzk5MTI2OTAwMTg6MzQ1MzUxMA=="
"1","falco-ref-private-key-search","bWFzdGVyOjI4NDg2NzQ0NDkzMDg3ODY6MzQ1MzQwMw=="
"1","falco-ref-private-key-search","bWFzdGVyOjI4NDg2NzQ2NTQ0MDQ2MTM6MzQ1MzQyMQ=="
"1","falco-ref-private-key-search","bWFzdGVyOjI4NDg2ODQ5NjE2MjE3ODY6MzQ1MzU3MQ=="
"1","falco-ref-private-key-search","bWFzdGVyOjI4NDg2ODUxMjMyMDYxMjE6MzQ1MzU4OQ=="
"1","falco-ref-private-key-search","bWFzdGVyOjI4NDg2OTAxNjUzMTMxOTI6MzQ1MzY3OA=="
"1","falco-ref-private-key-search","bWFzdGVyOjI4NDg2OTAzNjc3Mjc0MjI6MzQ1MzY5Ng=="
"1","falco-ref-private-key-search","bWFzdGVyOjI4NDg2OTU0MTk4NDc1OTU6MzQ1Mzc1OA=="
"1","falco-ref-private-key-search","bWFzdGVyOjI4NDg2OTU2MjA3MjIwNDE6MzQ1Mzc3Ng=="
"1","falco-ref-private-key-search","bWFzdGVyOjI4NDg3MDA2NzQ0NTc5NTU6MzQ1MzgzNw=="
"1","falco-ref-private-key-search","bWFzdGVyOjI4NDg3MDA4NjU1Nzc0MTg6MzQ1Mzg1Ng=="
"1","falco-ref-private-key-search","bWFzdGVyOjI4NDg3MDU5MDU0MDIyOTA6MzQ1MzkxOA=="
"1","falco-ref-private-key-search","bWFzdGVyOjI4NDg3MDYwODU4OTMxOTQ6MzQ1MzkzNw=="
"1","falco-ref-private-key-search","bWFzdGVyOjI4NDg3MjcwMzE4MDQwNjI6MzQ1NDI3Ng=="
"1","falco-ref-private-key-search","bWFzdGVyOjI4NDg3MjE2MTE0NzA2Nzc6MzQ1NDE1Ng=="
"1","falco-ref-private-key-search","bWFzdGVyOjI4NDg3MjE4MDkyMTUzMDk6MzQ1NDE3NA=="
"1","falco-ref-private-key-search","bWFzdGVyOjI4NDg3MjY4NTk2NjAyNTY6MzQ1NDI1OA=="
"1","falco-ref-private-key-search","bWFzdGVyOjI4NDg3MTExMzA0NzYzNTM6MzQ1Mzk5Nw=="
"1","falco-ref-private-key-search","bWFzdGVyOjI4NDg3MTEzMDMyNTQzMjQ6MzQ1NDAxNg=="
"1","falco-ref-private-key-search","bWFzdGVyOjI4NDg3MTY1NTIxMTg4ODE6MzQ1NDExOA=="
"1","falco-ref-private-key-search","bWFzdGVyOjI4NDg3MTYzNDM0MjE5MzI6MzQ1NDEwMA=="
"1","falco-ref-private-key-search","bWFzdGVyOjI4NDg3Mzc1MzAzODg5Mjg6MzQ1NDQzNw=="
"1","falco-ref-private-key-search","bWFzdGVyOjI4NDg3MzczMjQzNjY1MDY6MzQ1NDQxOA=="
"1","falco-ref-private-key-search","bWFzdGVyOjI4NDg3MzIwODc5NjU4ODE6MzQ1NDMxNQ=="
"1","falco-ref-private-key-search","bWFzdGVyOjI4NDg3MzIyNzc0NzIxNTI6MzQ1NDMzMw=="
"1","falco-ref-private-key-search","bWFzdGVyOjI4NDg3NDc4MDM2NjY0MTI6MzQ1NDU3Nw=="
"1","falco-ref-private-key-search","bWFzdGVyOjI4NDg3NDc5Nzk1NjI2MTk6MzQ1NDU5NQ=="
"1","falco-ref-private-key-search","bWFzdGVyOjI4NDg3NDI1NjM4MTMyNDU6MzQ1NDQ3NA=="
"1","falco-ref-private-key-search","bWFzdGVyOjI4NDg3NDI3NjYyMjQ0MjU6MzQ1NDQ5Mw=="
"1","falco-ref-private-key-search","bWFzdGVyOjI4NDg3Njg3MzUxMjMzODM6MzQ1NDkwNA=="
"1","falco-ref-private-key-search","bWFzdGVyOjI4NDg3Njg5MzEyMjUzODI6MzQ1NDkyMg=="
"1","falco-ref-private-key-search","bWFzdGVyOjI4NDg3NjM0ODI2OTE2MTc6MzQ1NDgyMA=="
"1","falco-ref-private-key-search","bWFzdGVyOjI4NDg3NjM2NzcyNTkyNzQ6MzQ1NDgzOA=="
"1","falco-ref-private-key-search","bWFzdGVyOjI4NDg3NTg0NDMxMDE1Nzk6MzQ1NDc1Nw=="
"1","falco-ref-private-key-search","bWFzdGVyOjI4NDg3NTgyNjA1MzgzMTU6MzQ1NDczOQ=="
"1","falco-ref-private-key-search","bWFzdGVyOjI4NDg3NTMwMjg4OTAwODg6MzQ1NDYzOQ=="
"1","falco-ref-private-key-search","bWFzdGVyOjI4NDg3NTMyMTkwNzczNzc6MzQ1NDY3Ng=="
"1","falco-ref-private-key-search","bWFzdGVyOjI4NDg3Nzk0MTU5OTU5Mjc6MzQ1NTA4OQ=="
"1","falco-ref-private-key-search","bWFzdGVyOjI4NDg3NzkyMzYyNDA3MDg6MzQ1NTA3MQ=="
"1","falco-ref-private-key-search","bWFzdGVyOjI4NDg3NzM5OTE4ODk5MTY6MzQ1NDk5MQ=="
"1","falco-ref-private-key-search","bWFzdGVyOjI4NDg3NzQxODczMTE5ODk6MzQ1NTAwOQ=="
"1","falco-ref-private-key-search","bWFzdGVyOjI4NDg3ODk3MDk0Njk5Mzc6MzQ1NTIzMw=="
"1","falco-ref-private-key-search","bWFzdGVyOjI4NDg3ODk4OTc4MzQwODQ6MzQ1NTI1MQ=="
"1","falco-ref-private-key-search","bWFzdGVyOjI4NDg3ODQ0NjU4NzYyMjE6MzQ1NTE1MQ=="
"1","falco-ref-private-key-search","bWFzdGVyOjI4NDg3ODQ2NTU1OTkwNzI6MzQ1NTE2OQ=="
"1","falco-ref-private-key-search","bWFzdGVyOjI4NDg3OTQ5NDE5MjAxNDY6MzQ1NTMxMA=="
"1","falco-ref-private-key-search","bWFzdGVyOjI4NDg3OTUxMjQ3MjE1Njk6MzQ1NTMzMA=="
"1","falco-ref-private-key-search","bWFzdGVyOjI4NDg4MDAxODA5ODk4MjE6MzQ1NTQxNQ=="
"1","falco-ref-private-key-search","bWFzdGVyOjI4NDg4MDAzODI2NjAyNDQ6MzQ1NTQzMw=="
"1","falco-ref-private-key-search","bWFzdGVyOjI4NDg4MDU0Mzg5ODIzMjk6MzQ1NTQ5Mw=="
"1","falco-ref-private-key-search","bWFzdGVyOjI4NDg4MDU2MzE1NjE5MzU6MzQ1NTUxMQ=="
"1","falco-ref-private-key-search","bWFzdGVyOjI4NDg4MjExNjEwNzU4NDM6MzQ1NTcyOA=="
"1","falco-ref-private-key-search","bWFzdGVyOjI4NDg4MjEzMzc4NTc3NDU6MzQ1NTc0Ng=="
"1","falco-ref-private-key-search","bWFzdGVyOjI4NDg4MjY1NTk0MjM5NzA6MzQ1NTg1MA=="
"1","falco-ref-private-key-search","bWFzdGVyOjI4NDg4MjYzODM5NzY2NDI6MzQ1NTgzMg=="
"1","falco-ref-private-key-search","bWFzdGVyOjI4NDg4MTA2NjgzMDA2ODA6MzQ1NTU3Mg=="
"1","falco-ref-private-key-search","bWFzdGVyOjI4NDg4MTA4NjY5MTg2Mzc6MzQ1NTU5MA=="
"1","falco-ref-private-key-search","bWFzdGVyOjI4NDg4MTU5MjIxMDYzMDQ6MzQ1NTY1MA=="
"1","falco-ref-private-key-search","bWFzdGVyOjI4NDg4MTYxMjExNzk4NTk6MzQ1NTY2OA=="
"1","falco-ref-private-key-search","bWFzdGVyOjI4NDg4MzcwMTI0Nzc5MDE6MzQ1NjAwOA=="
"1","falco-ref-private-key-search","bWFzdGVyOjI4NDg4MzE2MDE1MzUzMTY6MzQ1NTg4Nw=="
"1","falco-ref-private-key-search","bWFzdGVyOjI4NDg4MzE3NzYwODA4MTg6MzQ1NTkwNQ=="
"1","falco-ref-private-key-search","bWFzdGVyOjI4NDg4MzY4MjQ2Mjg4NDE6MzQ1NTk5MA=="
"1","falco-ref-private-key-search","bWFzdGVyOjI4NDg4NDc0OTk0MjI3ODc6MzQ1NjE3MQ=="
"1","falco-ref-private-key-search","bWFzdGVyOjI4NDg4NDczMTA1NTg3MzQ6MzQ1NjE1Mw=="
"1","falco-ref-private-key-search","bWFzdGVyOjI4NDg4NDIwNjc5MTQwNzI6MzQ1NjA0Ng=="
"1","falco-ref-private-key-search","bWFzdGVyOjI4NDg4NDIyNjk0OTkzODU6MzQ1NjA2NA=="
"1","falco-ref-private-key-search","bWFzdGVyOjI4NDg4Njg0Nzg5Mzk3OTc6MzQ1NjQ5OQ=="
"1","falco-ref-private-key-search","bWFzdGVyOjI4NDg4NjgyNjg4Njg5MjU6MzQ1NjQ4MQ=="
"1","falco-ref-private-key-search","bWFzdGVyOjI4NDg4NjMwMzE3NzExMDA6MzQ1NjM2OQ=="
"1","falco-ref-private-key-search","bWFzdGVyOjI4NDg4NjMyMTE4MjQwMDU6MzQ1NjQwNw=="
"1","falco-ref-private-key-search","bWFzdGVyOjI4NDg4NTc3NzE0OTgxOTM6MzQ1NjMxMw=="
"1","falco-ref-private-key-search","bWFzdGVyOjI4NDg4NTc5ODcwNjc2NjA6MzQ1NjMzMQ=="
"1","falco-ref-private-key-search","bWFzdGVyOjI4NDg4NTI1NTIxNTYxNjE6MzQ1NjIwOA=="
"1","falco-ref-private-key-search","bWFzdGVyOjI4NDg4NTI3Mjg2MDY4NTU6MzQ1NjIyNg=="
"1","falco-ref-private-key-search","bWFzdGVyOjI4NDg4Nzg3NTg5MDQ3OTA6MzQ1NjY0NA=="
"1","falco-ref-private-key-search","bWFzdGVyOjI4NDg4Nzg5NjA4NjQ1NjI6MzQ1NjY2Mg=="
"1","falco-ref-private-key-search","bWFzdGVyOjI4NDg4NzM1MzAwMjY5NzY6MzQ1NjU2Mg=="
"1","falco-ref-private-key-search","bWFzdGVyOjI4NDg4NzM3MDMzOTg1OTU6MzQ1NjU4MA=="
"1","falco-ref-private-key-search","bWFzdGVyOjI4NDg4ODk0NjUzODg1MDY6MzQ1NjgyNA=="
"1","falco-ref-private-key-search","bWFzdGVyOjI4NDg4ODkyNTgyMjM0MDk6MzQ1NjgwNg=="
"1","falco-ref-private-key-search","bWFzdGVyOjI4NDg4ODQwMTExMjkxNjM6MzQ1NjcyNA=="
"1","falco-ref-private-key-search","bWFzdGVyOjI4NDg4ODQyMTI1NDE0Njg6MzQ1Njc0Mg=="
"1","falco-ref-private-key-search","bWFzdGVyOjI4NDg4OTk3ODI1NTU3NjY6MzQ1Njk2Mw=="
"1","falco-ref-private-key-search","bWFzdGVyOjI4NDg4OTk5NzIzMjc5OTY6MzQ1Njk4MQ=="
"1","falco-ref-private-key-search","bWFzdGVyOjI4NDg4OTQ1MjU2MjY0MzY6MzQ1Njg4NA=="
"1","falco-ref-private-key-search","bWFzdGVyOjI4NDg4OTQ3MzYxMjQwODc6MzQ1NjkwMg=="
"1","falco-ref-private-key-search","bWFzdGVyOjI4NDg5MDUwMjg0NzkyNDc6MzQ1NzA0Mw=="
"1","falco-ref-private-key-search","bWFzdGVyOjI4NDg5MDUyMjExNTY3NzI6MzQ1NzA4Ng=="
"1","falco-ref-private-key-search","bWFzdGVyOjI4NDg5MjA3MjU0MDc0NDk6MzQ1NzMwOQ=="
"1","falco-ref-private-key-search","bWFzdGVyOjI4NDg5MjA5Mjg0MjI2MzY6MzQ1NzMyNw=="
"1","falco-ref-private-key-search","bWFzdGVyOjI4NDg5MjU5ODE0OTIwOTk6MzQ1NzM4Nw=="
"1","falco-ref-private-key-search","bWFzdGVyOjI4NDg5MjYxOTM5NTI1MjA6MzQ1NzQwNQ=="
"1","falco-ref-private-key-search","bWFzdGVyOjI4NDg5MTA0NTg1ODY2NjI6MzQ1NzE2NA=="
"1","falco-ref-private-key-search","bWFzdGVyOjI4NDg5MTAyNjI0ODA0MDM6MzQ1NzE0Ng=="
"1","falco-ref-private-key-search","bWFzdGVyOjI4NDg5MTU1MTE0OTE5Njc6MzQ1NzIzMA=="
"1","falco-ref-private-key-search","bWFzdGVyOjI4NDg5MTU2NzM4Nzg2MTg6MzQ1NzI0OQ=="
"1","falco-ref-private-key-search","bWFzdGVyOjI4NDg5MzE0Mzk0Mzc0MzE6MzQ1NzQ4Mg=="
"1","falco-ref-private-key-search","bWFzdGVyOjI4NDg5MzEyMzYxODc4NDY6MzQ1NzQ2NA=="
"1","falco-ref-private-key-search","bWFzdGVyOjI4NDg5MzY0OTQ3Njk1NTM6MzQ1NzU2Ng=="
"1","falco-ref-private-key-search","bWFzdGVyOjI4NDg5MzY2OTQ1MDQ2MjU6MzQ1NzU4OQ=="
"1","falco-ref-private-key-search","bWFzdGVyOjI4NDg5NDcxODA4MTkwMTc6MzQ1Nzc1Ng=="
"1","falco-ref-private-key-search","bWFzdGVyOjI4NDg5NDE3NDEyNzYxMTg6MzQ1NzYzMw=="
"1","falco-ref-private-key-search","bWFzdGVyOjI4NDg5NDE5MzA5MDU2Mjg6MzQ1NzY1MQ=="
"1","falco-ref-private-key-search","bWFzdGVyOjI4NDg5NDY5NzY5NzM3NDU6MzQ1NzczNw=="
"1","falco-ref-private-key-search","bWFzdGVyOjI4NDg5NjgwMTM4NzIwMDI6MzQ1ODA2Nw=="
"1","falco-ref-private-key-search","bWFzdGVyOjI4NDg5NjgyMjE3OTk1ODQ6MzQ1ODA4NQ=="
"1","falco-ref-private-key-search","bWFzdGVyOjI4NDg5NjI3NTk5OTE4OTQ6MzQ1Nzk2MQ=="
"1","falco-ref-private-key-search","bWFzdGVyOjI4NDg5NjI5NjQ3OTYzMTI6MzQ1Nzk3OQ=="
"1","falco-ref-private-key-search","bWFzdGVyOjI4NDg5NTc0OTIyMTM2ODY6MzQ1NzkwNQ=="
"1","falco-ref-private-key-search","bWFzdGVyOjI4NDg5NTc3MDMyNTA0ODQ6MzQ1NzkyNA=="
"1","falco-ref-private-key-search","bWFzdGVyOjI4NDg5NTI0MzgwNzk3MDk6MzQ1NzgxMw=="
"1","falco-ref-private-key-search","bWFzdGVyOjI4NDg5NTIyMzI0MTUzMTU6MzQ1Nzc5NQ=="
"1","falco-ref-private-key-search","bWFzdGVyOjI4NDg5Nzg0OTY3MDkyNzk6MzQ1ODIyNw=="
"1","falco-ref-private-key-search","bWFzdGVyOjI4NDg5Nzg3MDI4NDU4MTE6MzQ1ODI0NQ=="
"1","falco-ref-private-key-search","bWFzdGVyOjI4NDg5NzM0NTU4MTg4OTQ6MzQ1ODE2Mw=="
"1","falco-ref-private-key-search","bWFzdGVyOjI4NDg5NzMyNzQwOTc2NzU6MzQ1ODE0Ng=="
"1","falco-ref-private-key-search","bWFzdGVyOjI4NDg5ODkwMTA5NTA1NzY6MzQ1ODM4Nw=="
"1","falco-ref-private-key-search","bWFzdGVyOjI4NDg5ODkyMDQ4NzcyOTc6MzQ1ODQwNQ=="
"1","falco-ref-private-key-search","bWFzdGVyOjI4NDg5ODM3NDk4ODY3Nzc6MzQ1ODMwNw=="
"1","falco-ref-private-key-search","bWFzdGVyOjI4NDg5ODM5NTM2OTA0ODA6MzQ1ODMyNw=="
"1","falco-ref-private-key-search","bWFzdGVyOjI4NDg5OTk0NTM5MTIwNTE6MzQ1ODU0NA=="
"1","falco-ref-private-key-search","bWFzdGVyOjI4NDg5OTk2MDExNDQ4NDY6MzQ1ODU2Mw=="
"1","falco-ref-private-key-search","bWFzdGVyOjI4NDg5OTQ0MTk0NjM4MzA6MzQ1ODQ4Mg=="
"1","falco-ref-private-key-search","bWFzdGVyOjI4NDg5OTQyNDcyNDQwMjY6MzQ1ODQ2NA=="
"1","falco-ref-private-key-search","bWFzdGVyOjI4NDk0MDg1ODQ4NDI5NTc6MzQ2NTAyNQ=="
"1","falco-ref-private-key-search","bWFzdGVyOjI4NDk0MDg3NjQzNjQ4MTU6MzQ2NTA0NA=="
"1","falco-ref-private-key-search","bWFzdGVyOjI4NDk0MDM1MzA4NDIyNzI6MzQ2NDk2NA=="
"1","falco-ref-private-key-search","bWFzdGVyOjI4NDk0MDMzMzgxODk2MTY6MzQ2NDk0Ng=="
"1","falco-ref-private-key-search","bWFzdGVyOjI4NDk0Mjk1MzM4MzM4NDA6MzQ2NTM2MQ=="
"1","falco-ref-private-key-search","bWFzdGVyOjI4NDk0Mjk3MDQwNDYxNTM6MzQ2NTM3OQ=="
"1","falco-ref-private-key-search","bWFzdGVyOjI4NDk0MjQ0ODkxNTU2NDQ6MzQ2NTI4NQ=="
"1","falco-ref-private-key-search","bWFzdGVyOjI4NDk0MjQzMTM1NTk4MTY6MzQ2NTI2Nw=="
"1","falco-ref-private-key-search","bWFzdGVyOjI4NDk0MTkwNDIxMzc2ODc6MzQ2NTE4Ng=="
"1","falco-ref-private-key-search","bWFzdGVyOjI4NDk0MTkyNTYzODgwNDA6MzQ2NTIwNA=="
"1","falco-ref-private-key-search","bWFzdGVyOjI4NDk0MTM4MTAxMTMzNzg6MzQ2NTEwNw=="
"1","falco-ref-private-key-search","bWFzdGVyOjI4NDk0MTM5OTIzMjY4MjQ6MzQ2NTEyNQ=="
"1","falco-ref-private-key-search","bWFzdGVyOjI4NDk0MzQ3NDA0ODU4Nzk6MzQ2NTQ0MA=="
"1","falco-ref-private-key-search","bWFzdGVyOjI4NDk0MzQ5NDY0NTg2ODE6MzQ2NTQ1OQ=="
"1","falco-ref-private-key-search","bWFzdGVyOjI4NDk0NDAwMDI5NDY0NTA6MzQ2NTUyMg=="
"1","falco-ref-private-key-search","bWFzdGVyOjI4NDk0NDAyMTE1Njk2ODk6MzQ2NTU2NQ=="
"1","falco-ref-private-key-search","bWFzdGVyOjI4NDk0NDU0NDM4ODkxNDQ6MzQ2NTY0NQ=="
"1","falco-ref-private-key-search","bWFzdGVyOjI4NDk0NDUyNTc0NDg4Mjg6MzQ2NTYyNw=="
"1","falco-ref-private-key-search","bWFzdGVyOjI4NDk0NjEwMTc1NDc2NTk6MzQ2NTg2Nw=="
"1","falco-ref-private-key-search","bWFzdGVyOjI4NDk0NjEyMDY1MTk0MjM6MzQ2NTg4NQ=="
"1","falco-ref-private-key-search","bWFzdGVyOjI4NDk0NjY0NjM5Njk2NjU6MzQ2NTk4Ng=="
"1","falco-ref-private-key-search","bWFzdGVyOjI4NDk0NjYyNjU4MjA3MTU6MzQ2NTk2NA=="
"1","falco-ref-private-key-search","bWFzdGVyOjI4NDk0NTA1MDM2MDAwMDc6MzQ2NTcwNg=="
"1","falco-ref-private-key-search","bWFzdGVyOjI4NDk0NTA3MTc3OTQ5MDk6MzQ2NTcyNA=="
"1","falco-ref-private-key-search","bWFzdGVyOjI4NDk0NTU3NzM0Mjk2MTI6MzQ2NTc4OA=="
"1","falco-ref-private-key-search","bWFzdGVyOjI4NDk0NTU5NzMxNzA2NTQ6MzQ2NTgwNg=="
"1","falco-ref-private-key-search","bWFzdGVyOjI4NDk0NzE1MTkyMDU5NjU6MzQ2NjAyNQ=="
"1","falco-ref-private-key-search","bWFzdGVyOjI4NDk0NzE2OTk3OTA3NzA6MzQ2NjA0Mw=="
"1","falco-ref-private-key-search","bWFzdGVyOjI4NDk0NzY3NDg5NjY2MTA6MzQ2NjEzMA=="
"1","falco-ref-private-key-search","bWFzdGVyOjI4NDk0NzY5MzkxNzc2Mzg6MzQ2NjE0OA=="
"1","falco-ref-private-key-search","bWFzdGVyOjI4NDk0ODcyMDQyMjYxODU6MzQ2NjI5NA=="
"1","falco-ref-private-key-search","bWFzdGVyOjI4NDk0ODczODk2MDQ3Njc6MzQ2NjMxMw=="
"1","falco-ref-private-key-search","bWFzdGVyOjI4NDk0ODIwMDI0NTk4NDA6MzQ2NjE4OA=="
"1","falco-ref-private-key-search","bWFzdGVyOjI4NDk0ODIxNzIzMzMzMTU6MzQ2NjIwNg=="
"1","falco-ref-private-key-search","bWFzdGVyOjI4NDk0OTc2NjMzMjMyNDQ6MzQ2NjQ2MA=="
"1","falco-ref-private-key-search","bWFzdGVyOjI4NDk0OTc4NjgzNTU3OTE6MzQ2NjQ3OA=="
"1","falco-ref-private-key-search","bWFzdGVyOjI4NDk0OTI0NDEyMjkyMzU6MzQ2NjM1MQ=="
"1","falco-ref-private-key-search","bWFzdGVyOjI4NDk0OTI2Mjc2MDYzODE6MzQ2NjM2OQ=="
"1","falco-ref-private-key-search","bWFzdGVyOjI4NDk1MDgxNzkxMTYyOTY6MzQ2NjYyMg=="
"1","falco-ref-private-key-search","bWFzdGVyOjI4NDk1MDgzNzk0NTUyMTU6MzQ2NjY0MA=="
"1","falco-ref-private-key-search","bWFzdGVyOjI4NDk1MDI5Mjc5NTUyNzg6MzQ2NjUxNg=="
"1","falco-ref-private-key-search","bWFzdGVyOjI4NDk1MDMxMTk1MTYwODA6MzQ2NjUzNA=="
"1","falco-ref-private-key-search","bWFzdGVyOjI4NDk1MjkxMDgyNjM2MzQ6MzQ2Njk0NQ=="
"1","falco-ref-private-key-search","bWFzdGVyOjI4NDk1MjkyOTkzNTc2MDg6MzQ2Njk2NA=="
"1","falco-ref-private-key-search","bWFzdGVyOjI4NDk1MjM4NDE4MDczMzQ6MzQ2Njg2Ng=="
"1","falco-ref-private-key-search","bWFzdGVyOjI4NDk1MjQwNDU0MjgxMDc6MzQ2Njg4NA=="
"1","falco-ref-private-key-search","bWFzdGVyOjI4NDk1MTg2MDU4NjI5MDI6MzQ2Njc3OQ=="
"1","falco-ref-private-key-search","bWFzdGVyOjI4NDk1MTg3ODQ3MTMyMjU6MzQ2Njc5Nw=="
"1","falco-ref-private-key-search","bWFzdGVyOjI4NDk1MTM0MzMzOTQ5Njc6MzQ2NjY5OQ=="
"1","falco-ref-private-key-search","bWFzdGVyOjI4NDk1MTM1NzEyNzc5ODY6MzQ2NjcxNw=="
"1","falco-ref-private-key-search","bWFzdGVyOjI4NDk1Mzk2MTI0MTI3NTI6MzQ2NzExMQ=="
"1","falco-ref-private-key-search","bWFzdGVyOjI4NDk1Mzk4MjE0NDIxOTA6MzQ2NzEyOQ=="
"1","falco-ref-private-key-search","bWFzdGVyOjI4NDk1MzQ1NTczNjQ0Nzk6MzQ2NzA0Nw=="
"1","falco-ref-private-key-search","bWFzdGVyOjI4NDk1MzQzNTYwOTg3NTQ6MzQ2NzAyNA=="
"1","falco-ref-private-key-search","bWFzdGVyOjI4NDk1NDQ4NzAyNjk3NDI6MzQ2NzE5MA=="
"1","falco-ref-private-key-search","bWFzdGVyOjI4NDk1NDUwNjI2MDk5Nzk6MzQ2NzIxMQ=="
"1","falco-ref-private-key-search","bWFzdGVyOjI4NDk1NjA1NjUzMTg3OTM6MzQ2NzQ5Mw=="
"1","falco-ref-private-key-search","bWFzdGVyOjI4NDk1NjA3NzYyMTcwODI6MzQ2NzUxMQ=="
"1","falco-ref-private-key-search","bWFzdGVyOjI4NDk1NjU4MzA2NTM1ODU6MzQ2NzU3Mg=="
"1","falco-ref-private-key-search","bWFzdGVyOjI4NDk1NjYwMjM0NjI4MjA6MzQ2NzU5MA=="
"1","falco-ref-private-key-search","bWFzdGVyOjI4NDk1NTAxMTY4MzcwMjU6MzQ2NzMzNg=="
"1","falco-ref-private-key-search","bWFzdGVyOjI4NDk1NTAyNzYzMTc0MjA6MzQ2NzM1NQ=="
"1","falco-ref-private-key-search","bWFzdGVyOjI4NDk1NTU1MDgzNzM4MTE6MzQ2NzQzMg=="
"1","falco-ref-private-key-search","bWFzdGVyOjI4NDk1NTUzMTIxMzY2NjM6MzQ2NzQxNA=="
"1","falco-ref-private-key-search","bWFzdGVyOjI4NDk1NzEwNzk5Mzg2ODM6MzQ2NzY1MA=="
"1","falco-ref-private-key-search","bWFzdGVyOjI4NDk1NzEyODUwOTc3ODk6MzQ2NzY2OA=="
"1","falco-ref-private-key-search","bWFzdGVyOjI4NDk1NzY1NTU5MzA2MzQ6MzQ2Nzc3NA=="
"1","falco-ref-private-key-search","bWFzdGVyOjI4NDk1NzYzNDE0Njc5NTI6MzQ2Nzc1Ng=="
"1","falco-ref-private-key-search","bWFzdGVyOjI4NDk1ODcwMzk3MDQ1Nzk6MzQ2NzkzNQ=="
"1","falco-ref-private-key-search","bWFzdGVyOjI4NDk1ODE2MTUzMjIxNzI6MzQ2NzgxMQ=="
"1","falco-ref-private-key-search","bWFzdGVyOjI4NDk1ODE4MjEyMDgyOTU6MzQ2NzgyOQ=="
"1","falco-ref-private-key-search","bWFzdGVyOjI4NDk1ODY4NzkxMjQ2OTk6MzQ2NzkxNw=="
"1","falco-ref-private-key-search","bWFzdGVyOjI4NDk1OTc0MTYyMjk5NTc6MzQ2ODA5Ng=="
"1","falco-ref-private-key-search","bWFzdGVyOjI4NDk1OTcyNDc3ODAyNjQ6MzQ2ODA3OA=="
"1","falco-ref-private-key-search","bWFzdGVyOjI4NDk1OTIwODk3NDI2NzE6MzQ2Nzk3NA=="
"1","falco-ref-private-key-search","bWFzdGVyOjI4NDk1OTIyMTA1Nzk4NTE6MzQ2Nzk5Mg=="
"1","falco-ref-private-key-search","bWFzdGVyOjI4NDk2MDc3MTY3ODY4NTg6MzQ2ODI0MA=="
"1","falco-ref-private-key-search","bWFzdGVyOjI4NDk2MDc5MTgzMDE1MTI6MzQ2ODI1OQ=="
"1","falco-ref-private-key-search","bWFzdGVyOjI4NDk2MDI0NjAyNjU4NTY6MzQ2ODEzNA=="
"1","falco-ref-private-key-search","bWFzdGVyOjI4NDk2MDI2NzU4ODcyOTI6MzQ2ODE1Mg=="
"1","falco-ref-private-key-search","bWFzdGVyOjI4NDk2Mjg3MzI5NDEwMDI6MzQ2ODU3Nw=="
"1","falco-ref-private-key-search","bWFzdGVyOjI4NDk2Mjg5MTcyNDgwNzg6MzQ2ODU5NQ=="
"1","falco-ref-private-key-search","bWFzdGVyOjI4NDk2MjM0NzQ1ODMwMDM6MzQ2ODQ5Nw=="
"1","falco-ref-private-key-search","bWFzdGVyOjI4NDk2MjM2Nzg0MjEwNDY6MzQ2ODUxNg=="
"1","falco-ref-private-key-search","bWFzdGVyOjI4NDk2MTg0MjU1NjUxNjg6MzQ2ODQzNQ=="
"1","falco-ref-private-key-search","bWFzdGVyOjI4NDk2MTgyMjk1MjQ4MTk6MzQ2ODQxNg=="
"1","falco-ref-private-key-search","bWFzdGVyOjI4NDk2MTI5NjkzOTQ2NTc6MzQ2ODMwOQ=="
"1","falco-ref-private-key-search","bWFzdGVyOjI4NDk2MTMxNjY0ODQ3NTE6MzQ2ODMyOA=="
"1","falco-ref-private-key-search","bWFzdGVyOjI4NDk2Mzk0MDEyMTk5MjE6MzQ2ODc2MA=="
"1","falco-ref-private-key-search","bWFzdGVyOjI4NDk2MzkyMDA2NTUzNzM6MzQ2ODc0MQ=="
"1","falco-ref-private-key-search","bWFzdGVyOjI4NDk2MzM5NjM1Nzk3ODQ6MzQ2ODY1OQ=="
"1","falco-ref-private-key-search","bWFzdGVyOjI4NDk2MzQxNjIxODQ2NjI6MzQ2ODY3Nw=="
"1","falco-ref-private-key-search","bWFzdGVyOjI4NDk2NDk3MTk4MDQwOTc6MzQ2ODkwMg=="
"1","falco-ref-private-key-search","bWFzdGVyOjI4NDk2NDk5MzExOTU5MTQ6MzQ2ODkyMQ=="
"1","falco-ref-private-key-search","bWFzdGVyOjI4NDk2NDQ0NTYyMDU0NDk6MzQ2ODgyMA=="
"1","falco-ref-private-key-search","bWFzdGVyOjI4NDk2NDQ2NzExODI4ODk6MzQ2ODgzOA=="
"1","falco-ref-private-key-search","bWFzdGVyOjI4NDk2NjAxODQ0OTMzMTE6MzQ2OTA4Ng=="
"1","falco-ref-private-key-search","bWFzdGVyOjI4NDk2NjAzNzMzODc3NzY6MzQ2OTEwNA=="
"1","falco-ref-private-key-search","bWFzdGVyOjI4NDk2NjU0Mjc0NzA2MTY6MzQ2OTE2Nw=="
"1","falco-ref-private-key-search","bWFzdGVyOjI4NDk2NjU2MDg0MjQ5Mzk6MzQ2OTE4NQ=="
"1","falco-ref-private-key-search","bWFzdGVyOjI4NDk2NTQ5NzgxMDU3MDk6MzQ2ODk4MQ=="
"1","falco-ref-private-key-search","bWFzdGVyOjI4NDk2NTUxNTExMTYyOTA6MzQ2OTAxNw=="
"1","falco-ref-private-key-search","bWFzdGVyOjI4NDk2NzA2NTg5MTcyMDc6MzQ2OTI0NQ=="
"1","falco-ref-private-key-search","bWFzdGVyOjI4NDk2NzA4NTE2NDk1OTM6MzQ2OTI2Mw=="
"1","falco-ref-private-key-search","bWFzdGVyOjI4NDk2NzU5MDQ3MDI4NTY6MzQ2OTMyNg=="
"1","falco-ref-private-key-search","bWFzdGVyOjI4NDk2NzYxMTM2MTM1MTU6MzQ2OTM0NA=="
"1","falco-ref-private-key-search","bWFzdGVyOjI4NDk2ODExNTk0NDEyNTI6MzQ2OTQwOQ=="
"1","falco-ref-private-key-search","bWFzdGVyOjI4NDk2ODEzNTUwODQ4NzU6MzQ2OTQyNw=="
"1","falco-ref-private-key-search","bWFzdGVyOjI4NDk2ODY1OTk0NDU2NDI6MzQ2OTUyOQ=="
"1","falco-ref-private-key-search","bWFzdGVyOjI4NDk2ODYzOTY0NzMwNTQ6MzQ2OTUxMQ=="
"1","falco-ref-private-key-search","bWFzdGVyOjI4NDk2OTcwNjg1MjQwMzc6MzQ2OTY4NQ=="
"1","falco-ref-private-key-search","bWFzdGVyOjI4NDk2OTE2NDg5NTM5OTk6MzQ2OTU2NQ=="
"1","falco-ref-private-key-search","bWFzdGVyOjI4NDk2OTE4NDQ2NzA2NTE6MzQ2OTU4Mw=="
"1","falco-ref-private-key-search","bWFzdGVyOjI4NDk2OTY4OTE0OTg4MTY6MzQ2OTY2Nw=="
"1","falco-ref-private-key-search","bWFzdGVyOjI4NDk3MDc1ODc0OTk1MzU6MzQ2OTg1MQ=="
"1","falco-ref-private-key-search","bWFzdGVyOjI4NDk3MDczODE1ODkxMDI6MzQ2OTgzMw=="
"1","falco-ref-private-key-search","bWFzdGVyOjI4NDk3MDIxMjEzOTE5NTM6MzQ2OTcyMw=="
"1","falco-ref-private-key-search","bWFzdGVyOjI4NDk3MDIzMjQ2NjM1Njg6MzQ2OTc0MQ=="
"1","falco-ref-private-key-search","bWFzdGVyOjI4NDk3Mjg1MzE2MjA1OTA6MzQ3MDE2OQ=="
"1","falco-ref-private-key-search","bWFzdGVyOjI4NDk3MjgzMjU3OTUyNDc6MzQ3MDE1MQ=="
"1","falco-ref-private-key-search","bWFzdGVyOjI4NDk3MjMxMjAxNDM2MzM6MzQ3MDA0NQ=="
"1","falco-ref-private-key-search","bWFzdGVyOjI4NDk3MjMyODEzOTU3MjA6MzQ3MDA4Nw=="
"1","falco-ref-private-key-search","bWFzdGVyOjI4NDk3MTc5MDA4NzY0MDU6MzQ2OTk5MA=="
"1","falco-ref-private-key-search","bWFzdGVyOjI4NDk3MTgwNjg2NTMzMzI6MzQ3MDAwOA=="
"1","falco-ref-private-key-search","bWFzdGVyOjI4NDk3MTI2NDU2MTc2OTc6MzQ2OTg4OQ=="
"1","falco-ref-private-key-search","bWFzdGVyOjI4NDk3MTI4NDI0NjAzNTQ6MzQ2OTkwNw=="
"1","falco-ref-private-key-search","bWFzdGVyOjI4NDk3Mzg4MTc3NDk5ODc6MzQ3MDMwOQ=="
"1","falco-ref-private-key-search","bWFzdGVyOjI4NDk3Mzg5Nzc4Njk3MDA6MzQ3MDMyNw=="
"1","falco-ref-private-key-search","bWFzdGVyOjI4NDk3MzM1NzkzODk4OTk6MzQ3MDIzMA=="
"1","falco-ref-private-key-search","bWFzdGVyOjI4NDk3MzM3NzEzMDMwNjA6MzQ3MDI0OA=="
"1","falco-ref-private-key-search","bWFzdGVyOjI4NDk3NDk0OTE5NDI0NDM6MzQ3MDQ5MA=="
"1","falco-ref-private-key-search","bWFzdGVyOjI4NDk3NDkyNzQ4MTQ4MDM6MzQ3MDQ3Mg=="
"1","falco-ref-private-key-search","bWFzdGVyOjI4NDk3NDQwMjE5ODcwMTc6MzQ3MDM5MQ=="
"1","falco-ref-private-key-search","bWFzdGVyOjI4NDk3NDQyMTY0Njc3NDU6MzQ3MDQwOQ=="
"1","falco-ref-private-key-search","bWFzdGVyOjI4NDk3NjUwMTQ2NTA4Mzk6MzQ3MDcxNw=="
"1","falco-ref-private-key-search","bWFzdGVyOjI4NDk3NjUyMDEzMTcwMzY6MzQ3MDc2MA=="
"1","falco-ref-private-key-search","bWFzdGVyOjI4NDk3NTk3NjYxNzE1MjQ6MzQ3MDYzNA=="
"1","falco-ref-private-key-search","bWFzdGVyOjI4NDk3NTk5NjM4NTQ3MDc6MzQ3MDY1Mw=="
"1","falco-ref-private-key-search","bWFzdGVyOjI4NDk3NTQ1NDEzMTQxNzQ6MzQ3MDU1Mg=="
"1","falco-ref-private-key-search","bWFzdGVyOjI4NDk3NTQ3MTk0ODU4NDE6MzQ3MDU3MA=="
"1","falco-ref-private-key-search","bWFzdGVyOjI4NDk3NzA0NDYzOTQ3ODU6MzQ3MDg0MA=="
"1","falco-ref-private-key-search","bWFzdGVyOjI4NDk3NzAyNDU5NTc5NzY6MzQ3MDgyMQ=="
"1","falco-ref-private-key-search","bWFzdGVyOjI4NDk3NzU0OTczODEzMzY6MzQ3MDkwNw=="
"1","falco-ref-private-key-search","bWFzdGVyOjI4NDk3NzU2ODIwOTk5MjE6MzQ3MDkyNA=="
"1","falco-ref-private-key-search","bWFzdGVyOjI4NDk3ODA3NDE0MDU5MzA6MzQ3MDk4NQ=="
"1","falco-ref-private-key-search","bWFzdGVyOjI4NDk3ODA5MTEwNjU0MDc6MzQ3MTAwMw=="
"1","falco-ref-private-key-search","bWFzdGVyOjI4NDk3ODU5NTM4MTQxNDc6MzQ3MTA2OA=="
"1","falco-ref-private-key-search","bWFzdGVyOjI4NDk3ODYxNjkzNTg0NTQ6MzQ3MTA4Ng=="
"1","falco-ref-private-key-search","bWFzdGVyOjI4NDk3OTEyMjEyNTkwMzk6MzQ3MTE0Ng=="
"1","falco-ref-private-key-search","bWFzdGVyOjI4NDk3OTEzOTczMTUzMjY6MzQ3MTE2NA=="
"1","falco-ref-private-key-search","bWFzdGVyOjI4NDk3OTY0MzQ0MzQxMzI6MzQ3MTI1NQ=="
"1","falco-ref-private-key-search","bWFzdGVyOjI4NDk3OTY2MzA4ODUyNzE6MzQ3MTI3Mw=="
"1","falco-ref-private-key-search","bWFzdGVyOjI4NDk4MDcxMjMyNDc1MTc6MzQ3MTQzMQ=="
"1","falco-ref-private-key-search","bWFzdGVyOjI4NDk4MDE2NjY1MTU5ODI6MzQ3MTMxMg=="
"1","falco-ref-private-key-search","bWFzdGVyOjI4NDk4MDE4Njc2MDAwMjg6MzQ3MTMzMA=="
"1","falco-ref-private-key-search","bWFzdGVyOjI4NDk4MDY5MjA1NDIxNTg6MzQ3MTQxMw=="
"1","falco-ref-private-key-search","bWFzdGVyOjI4NDk4Mjc5MzE5NDM2Mzc6MzQ3MTczMA=="
"1","falco-ref-private-key-search","bWFzdGVyOjI4NDk4MjgxMzU1NTQzNTE6MzQ3MTc0OQ=="
"1","falco-ref-private-key-search","bWFzdGVyOjI4NDk4MjI2NzA3MTIwNzg6MzQ3MTYzMA=="
"1","falco-ref-private-key-search","bWFzdGVyOjI4NDk4MjI4NzIyMTM5MDM6MzQ3MTY0OA=="
"1","falco-ref-private-key-search","bWFzdGVyOjI4NDk4MTc0MzI5Mjk3OTY6MzQ3MTU3NQ=="
"1","falco-ref-private-key-search","bWFzdGVyOjI4NDk4MTc2MjU4NjgzNTI6MzQ3MTU5Mw=="
"1","falco-ref-private-key-search","bWFzdGVyOjI4NDk4MTIxODI3ODA2MTQ6MzQ3MTQ3MQ=="
"1","falco-ref-private-key-search","bWFzdGVyOjI4NDk4MTIzODA5NDMzMDQ6MzQ3MTQ4OQ=="
"1","falco-ref-private-key-search","bWFzdGVyOjI4NDk4Mzg0MzQ0NDI4ODg6MzQ3MTg5MA=="
"1","falco-ref-private-key-search","bWFzdGVyOjI4NDk4Mzg2NDExMzQ5NTc6MzQ3MTkwOA=="
"1","falco-ref-private-key-search","bWFzdGVyOjI4NDk4MzMxOTIzNjUxMzg6MzQ3MTc5OQ=="
"1","falco-ref-private-key-search","bWFzdGVyOjI4NDk4MzMzODI1OTM5NTc6MzQ3MTgyOQ=="
"1","falco-ref-private-key-search","bWFzdGVyOjI4NDk4NDg5NjczNzI4MDM6MzQ3MjA1Mw=="
"1","falco-ref-private-key-search","bWFzdGVyOjI4NDk4NDkxNTk0MjA2NzM6MzQ3MjA3MQ=="
"1","falco-ref-private-key-search","bWFzdGVyOjI4NDk4NDM2OTgzNDkzNjI6MzQ3MTk3MQ=="
"1","falco-ref-private-key-search","bWFzdGVyOjI4NDk4NDM5MTE4NjM5Njk6MzQ3MTk5MA=="
"1","falco-ref-private-key-search","bWFzdGVyOjI4NDk4Njk5NzcxNTI1OTQ6MzQ3MjM3OQ=="
"1","falco-ref-private-key-search","bWFzdGVyOjI4NDk4NjQ3MzIyOTc4NjA6MzQ3MjI5MQ=="
"1","falco-ref-private-key-search","bWFzdGVyOjI4NDk4NjQ5MjI2OTc1OTg6MzQ3MjMwOQ=="
"1","falco-ref-private-key-search","bWFzdGVyOjI4NDk4NTk0NzU3ODk3MjI6MzQ3MjIxMQ=="
"1","falco-ref-private-key-search","bWFzdGVyOjI4NDk4NTk2ODA1OTY5NjE6MzQ3MjIzMA=="
"1","falco-ref-private-key-search","bWFzdGVyOjI4NDk4NTQ0MjAwNzA3OTE6MzQ3MjE0OQ=="
"1","falco-ref-private-key-search","bWFzdGVyOjI4NDk4NTQyMTMyNTExODI6MzQ3MjEzMQ=="
"1","falco-ref-private-key-search","bWFzdGVyOjI4NDk4NzAxNTU1MjU5MTk6MzQ3MjQyMw=="
"1","falco-ref-private-key-search","bWFzdGVyOjI4NDk4NzUxOTMyMDk5MTY6MzQ3MjQ4OA=="
"1","falco-ref-private-key-search","bWFzdGVyOjI4NDk4NzUzNjU2OTU0Nzk6MzQ3MjUwOA=="
"1","falco-ref-private-key-search","bWFzdGVyOjI4NDk4ODA0MTExODU3NDc6MzQ3MjU2OA=="
"1","falco-ref-private-key-search","bWFzdGVyOjI4NDk4ODA2MTMxMTY1OTk6MzQ3MjU4Ng=="
"1","falco-ref-private-key-search","bWFzdGVyOjI4NDk4ODU2NzIwMjc3ODE6MzQ3MjY0OA=="
"1","falco-ref-private-key-search","bWFzdGVyOjI4NDk4ODU4NjI1ODUxODc6MzQ3MjY2Ng=="
"1","falco-ref-private-key-search","bWFzdGVyOjI4NDk4OTA5MTIwODEyNDA6MzQ3MjczNg=="
"1","falco-ref-private-key-search","bWFzdGVyOjI4NDk4OTEwOTg2MzI2NDY6MzQ3Mjc1NA=="
"1","falco-ref-private-key-search","bWFzdGVyOjI4NDk4OTYxNDE3NTkxOTE6MzQ3MjgxNQ=="
"1","falco-ref-private-key-search","bWFzdGVyOjI4NDk4OTYzMDgzMjQ1OTI6MzQ3Mjg1Ng=="
"1","falco-ref-private-key-search","bWFzdGVyOjI4NDk5MDE1NjAxMTUzNzQ6MzQ3MjkxMg=="
"1","falco-ref-private-key-search","bWFzdGVyOjI4NDk5MDEzNTk3NDYyNzU6MzQ3Mjg5NA=="
"1","falco-ref-private-key-search","bWFzdGVyOjI4NDk5MDY2MTE4OTU2OTY6MzQ3MzAwMQ=="
"1","falco-ref-private-key-search","bWFzdGVyOjI4NDk5MDY3NzIxMDgzNzg6MzQ3MzAxOQ=="
"1","falco-ref-private-key-search","bWFzdGVyOjI4NDk5Mjc0NzM4OTIwMjg6MzQ3MzMxNg=="
"1","falco-ref-private-key-search","bWFzdGVyOjI4NDk5Mjc2OTExMDY4Nzg6MzQ3MzMzNA=="
"1","falco-ref-private-key-search","bWFzdGVyOjI4NDk5MjI0MjM2NjAxNTM6MzQ3MzIzMw=="
"1","falco-ref-private-key-search","bWFzdGVyOjI4NDk5MjIyNDE5Mjc1OTQ6MzQ3MzIxNQ=="
"1","falco-ref-private-key-search","bWFzdGVyOjI4NDk5MTcxOTAyMDc3MTM6MzQ3MzE3OA=="
"1","falco-ref-private-key-search","bWFzdGVyOjI4NDk5MTE4MTkxNjY0ODM6MzQ3MzA1Nw=="
"1","falco-ref-private-key-search","bWFzdGVyOjI4NDk5MTE5NTE3MTc0MTg6MzQ3MzA3NQ=="
"1","falco-ref-private-key-search","bWFzdGVyOjI4NDk5MTY5ODU0MzIyNjU6MzQ3MzE2MA=="
"1","falco-ref-private-key-search","bWFzdGVyOjI4NDk5MzgwMTEyNDQ1OTA6MzQ3MzQ3Ng=="
"1","falco-ref-private-key-search","bWFzdGVyOjI4NDk5MzgyMTI1NTUxOTU6MzQ3MzQ5NA=="
"1","falco-ref-private-key-search","bWFzdGVyOjI4NDk5MzI3NDY0MTM2NzE6MzQ3MzM3MQ=="
"1","falco-ref-private-key-search","bWFzdGVyOjI4NDk5MzI5NTA4MjY0OTI6MzQ3MzM4OQ=="
"1","falco-ref-private-key-search","bWFzdGVyOjI4NDk5NDg1MTg4NTY3NDg6MzQ3MzYzMw=="
"1","falco-ref-private-key-search","bWFzdGVyOjI4NDk5NDg3MTc0NTk5MDc6MzQ3MzY1MQ=="
"1","falco-ref-private-key-search","bWFzdGVyOjI4NDk5NDM0NjEwOTIxODA6MzQ3MzU3Mw=="
"1","falco-ref-private-key-search","bWFzdGVyOjI4NDk5NDMyNjk4NDk4ODY6MzQ3MzU1NQ=="
"1","falco-ref-private-key-search","bWFzdGVyOjI4NDk5Njk0OTkzOTk1ODc6MzQ3Mzk1OQ=="
"1","falco-ref-private-key-search","bWFzdGVyOjI4NDk5Njk3MDczNzQ2OTA6MzQ3Mzk3Nw=="
"1","falco-ref-private-key-search","bWFzdGVyOjI4NDk5NjQ0NDYyNzU2MDk6MzQ3Mzg5NA=="
"1","falco-ref-private-key-search","bWFzdGVyOjI4NDk5NjQyNDMyMTM2MzI6MzQ3Mzg3Ng=="
"1","falco-ref-private-key-search","bWFzdGVyOjI4NDk5NTg5OTQ5MzAxNjc6MzQ3Mzc5Nw=="
"1","falco-ref-private-key-search","bWFzdGVyOjI4NDk5NTkxOTQyNDQ4MTI6MzQ3MzgxNQ=="
"1","falco-ref-private-key-search","bWFzdGVyOjI4NDk5NTM3Njc1NjI0MjI6MzQ3MzcxNA=="
"1","falco-ref-private-key-search","bWFzdGVyOjI4NDk5NTM5NTA1NzY1MzU6MzQ3MzczMg=="
"1","falco-ref-private-key-search","bWFzdGVyOjI4NDk5NzQ3NjUyMzY5Nzg6MzQ3NDAzNg=="
"1","falco-ref-private-key-search","bWFzdGVyOjI4NDk5NzQ5NzgyMDYzOTc6MzQ3NDA1NA=="
"1","falco-ref-private-key-search","bWFzdGVyOjI4NDk5ODAwMzYxMTc5MzM6MzQ3NDExNg=="
"1","falco-ref-private-key-search","bWFzdGVyOjI4NDk5ODAyNDQ1MzE3NDQ6MzQ3NDE2MQ=="
"1","falco-ref-private-key-search","bWFzdGVyOjI4NDk5ODU0ODc4MTQxNzA6MzQ3NDI1MA=="
"1","falco-ref-private-key-search","bWFzdGVyOjI4NDk5ODUyOTU1MDg3MjE6MzQ3NDIzMg=="
"1","falco-ref-private-key-search","bWFzdGVyOjI4NDk5OTA1MzM4ODYzOTE6MzQ3NDMwOQ=="
"1","falco-ref-private-key-search","bWFzdGVyOjI4NDk5OTA3MzIzNDgzNjA6MzQ3NDMyNw=="
"1","falco-ref-private-key-search","bWFzdGVyOjI4NDk5OTU3ODY3MjQ5MTE6MzQ3NDM5Mg=="
"1","falco-ref-private-key-search","bWFzdGVyOjI4NDk5OTU5ODc5MTkyMzc6MzQ3NDQxMA=="
"1","falco-ref-private-key-search","bWFzdGVyOjI4NDkwMDk5MTQxMjUxNTc6MzQ1ODcxMQ=="
"1","falco-ref-private-key-search","bWFzdGVyOjI4NDkwMDQ2NTE1ODA5NzA6MzQ1ODYyNA=="
"1","falco-ref-private-key-search","bWFzdGVyOjI4NDkwMDQ4NTY3MzQ1MjY6MzQ1ODY0Mg=="
"1","falco-ref-private-key-search","bWFzdGVyOjI4NDkwMjA0MTY1MzY3Mzk6MzQ1ODg5NQ=="
"1","falco-ref-private-key-search","bWFzdGVyOjI4NDkwMjA2MjkxMTc1ODk6MzQ1ODkxMw=="
"1","falco-ref-private-key-search","bWFzdGVyOjI4NDkwMjU2ODQ4NjU1Mjg6MzQ1ODk3NQ=="
"1","falco-ref-private-key-search","bWFzdGVyOjI4NDkwMjU4OTAwNjMzOTQ6MzQ1ODk5Mw=="
"1","falco-ref-private-key-search","bWFzdGVyOjI4NDkwMTAxMTk3Mjg4MTE6MzQ1ODc1NA=="
"1","falco-ref-private-key-search","bWFzdGVyOjI4NDkwMTUxNzgyNDc5ODY6MzQ1ODgxMA=="
"1","falco-ref-private-key-search","bWFzdGVyOjI4NDkwMTUzNzUzMTUxNjI6MzQ1ODgzNQ=="
"1","falco-ref-private-key-search","bWFzdGVyOjI4NDkwMzA5NDkxMDE3Mjc6MzQ1OTA1NA=="
"1","falco-ref-private-key-search","bWFzdGVyOjI4NDkwMzExMjI2NTI5MzQ6MzQ1OTA3Mg=="
"1","falco-ref-private-key-search","bWFzdGVyOjI4NDkwMzYxNTc5OTg4MzA6MzQ1OTE0MA=="
"1","falco-ref-private-key-search","bWFzdGVyOjI4NDkwMzYzODAwMTI2MjU6MzQ1OTE4Mg=="
"1","falco-ref-private-key-search","bWFzdGVyOjI4NDkwNDE0MzE1NTM5NzI6MzQ1OTIyMA=="
"1","falco-ref-private-key-search","bWFzdGVyOjI4NDkwNDE2Mzg5NTI0Nzg6MzQ1OTIzOA=="
"1","falco-ref-private-key-search","bWFzdGVyOjI4NDkwNDY2ODg1MTEwNjM6MzQ1OTMyMQ=="
"1","falco-ref-private-key-search","bWFzdGVyOjI4NDkwNDY4NjMxNDQyODU6MzQ1OTM0MA=="
"1","falco-ref-private-key-search","bWFzdGVyOjI4NDkwNjc2NzA5ODU5MTg6MzQ1OTY1NA=="
"1","falco-ref-private-key-search","bWFzdGVyOjI4NDkwNjc4NjMwNjMxMDc6MzQ1OTY3Mg=="
"1","falco-ref-private-key-search","bWFzdGVyOjI4NDkwNjI0MTczNDQxNzQ6MzQ1OTU0OA=="
"1","falco-ref-private-key-search","bWFzdGVyOjI4NDkwNjI2MTM2MzYwODM6MzQ1OTU2Nw=="
"1","falco-ref-private-key-search","bWFzdGVyOjI4NDkwNTcxNjQ2NTU5NzM6MzQ1OTQ5Mg=="
"1","falco-ref-private-key-search","bWFzdGVyOjI4NDkwNTczNjA2Mzk4MDM6MzQ1OTUxMA=="
"1","falco-ref-private-key-search","bWFzdGVyOjI4NDkwNTE5MDU1NzQ5NDU6MzQ1OTM3OQ=="
"1","falco-ref-private-key-search","bWFzdGVyOjI4NDkwNTIxMDg2MDUzMzE6MzQ1OTM5Nw=="
"1","falco-ref-private-key-search","bWFzdGVyOjI4NDkwNzgxNjIzOTU0MzE6MzQ1OTgxMA=="
"1","falco-ref-private-key-search","bWFzdGVyOjI4NDkwNzgzNjk5NjI0MTY6MzQ1OTgyOA=="
"1","falco-ref-private-key-search","bWFzdGVyOjI4NDkwNzI5MjczNTc3OTk6MzQ1OTcwOQ=="
"1","falco-ref-private-key-search","bWFzdGVyOjI4NDkwNzMxMTcyNTU2Nzg6MzQ1OTcyNw=="
"1","falco-ref-private-key-search","bWFzdGVyOjI4NDkwODg2ODEwODM4OTM6MzQ1OTk2OQ=="
"1","falco-ref-private-key-search","bWFzdGVyOjI4NDkwODg4OTY2MDA4Njk6MzQ1OTk4Nw=="
"1","falco-ref-private-key-search","bWFzdGVyOjI4NDkwODM0MjQyNzAzNzU6MzQ1OTg5MA=="
"1","falco-ref-private-key-search","bWFzdGVyOjI4NDkwODM2Mjk3MTczOTk6MzQ1OTkwOA=="
"1","falco-ref-private-key-search","bWFzdGVyOjI4NDkwOTk0MzM2NTI0MjA6MzQ2MDE0Nw=="
"1","falco-ref-private-key-search","bWFzdGVyOjI4NDkwOTkyMzA5MTgyMDI6MzQ2MDEyOQ=="
"1","falco-ref-private-key-search","bWFzdGVyOjI4NDkwOTM5NTk3ODUwNjU6MzQ2MDA0OQ=="
"1","falco-ref-private-key-search","bWFzdGVyOjI4NDkwOTQxNjc2NDM2Mzg6MzQ2MDA2Nw=="
"1","falco-ref-private-key-search","bWFzdGVyOjI4NDkxMDk3NTA3MjY0ODQ6MzQ2MDI4Nw=="
"1","falco-ref-private-key-search","bWFzdGVyOjI4NDkxMDk5NDY1OTI3ODU6MzQ2MDMwNQ=="
"1","falco-ref-private-key-search","bWFzdGVyOjI4NDkxMDQ0ODcyOTAzMzA6MzQ2MDIwOA=="
"1","falco-ref-private-key-search","bWFzdGVyOjI4NDkxMDQ2ODkyNDE1MzI6MzQ2MDIyNg=="
"1","falco-ref-private-key-search","bWFzdGVyOjI4NDkxMjA0MDM0Mzg5NTc6MzQ2MDQ4OQ=="
"1","falco-ref-private-key-search","bWFzdGVyOjI4NDkxMjAyMTA5NTU1MDA6MzQ2MDQ3MA=="
"1","falco-ref-private-key-search","bWFzdGVyOjI4NDkxMjU0NTMxMTk3MjQ6MzQ2MDU1Nw=="
"1","falco-ref-private-key-search","bWFzdGVyOjI4NDkxMjU2Njc0NzE4NDY6MzQ2MDU3NQ=="
"1","falco-ref-private-key-search","bWFzdGVyOjI4NDkxMTQ5OTYyNjMyMjM6MzQ2MDM2NA=="
"1","falco-ref-private-key-search","bWFzdGVyOjI4NDkxMTUxNjY1ODA4NTY6MzQ2MDQwNg=="
"1","falco-ref-private-key-search","bWFzdGVyOjI4NDkxMzA3MjU0Mzg0NTU6MzQ2MDY0MQ=="
"1","falco-ref-private-key-search","bWFzdGVyOjI4NDkxMzA5MzQ3NzY0MDE6MzQ2MDY1OQ=="
"1","falco-ref-private-key-search","bWFzdGVyOjI4NDkxMzU5OTAyMjY0ODI6MzQ2MDcyMA=="
"1","falco-ref-private-key-search","bWFzdGVyOjI4NDkxMzYxOTY3NDAwNjE6MzQ2MDczOA=="
"1","falco-ref-private-key-search","bWFzdGVyOjI4NDkxNDE0MzgxNjEwODc6MzQ2MDgxNw=="
"1","falco-ref-private-key-search","bWFzdGVyOjI4NDkxNDEyNDE5MDc0Mzg6MzQ2MDc5OQ=="
"1","falco-ref-private-key-search","bWFzdGVyOjI4NDkxNDY0OTM2OTE4NTQ6MzQ2MDkxMA=="
"1","falco-ref-private-key-search","bWFzdGVyOjI4NDkxNDY2NjYzNjEwNDY6MzQ2MDkyOA=="
"1","falco-ref-private-key-search","bWFzdGVyOjI4NDkxNjc0MzY5MDU0OTg6MzQ2MTIyNg=="
"1","falco-ref-private-key-search","bWFzdGVyOjI4NDkxNjc2Mjg2ODc2MDg6MzQ2MTI0NA=="
"1","falco-ref-private-key-search","bWFzdGVyOjI4NDkxNjIxNzk2ODEyNjA6MzQ2MTEyMw=="
"1","falco-ref-private-key-search","bWFzdGVyOjI4NDkxNjIzODEyOTgzMjM6MzQ2MTE0MQ=="
"1","falco-ref-private-key-search","bWFzdGVyOjI4NDkxNTcxMjQ4ODc4ODA6MzQ2MTA4NQ=="
"1","falco-ref-private-key-search","bWFzdGVyOjI4NDkxNTE2OTc5Mzk2OTY6MzQ2MDk2NA=="
"1","falco-ref-private-key-search","bWFzdGVyOjI4NDkxNTE4NzYxNzEwNDI6MzQ2MDk4Mg=="
"1","falco-ref-private-key-search","bWFzdGVyOjI4NDkxNTY5Mjc2MzE4NzY6MzQ2MTA2Nw=="
"1","falco-ref-private-key-search","bWFzdGVyOjI4NDkxNzc5MTEwNzkxMzU6MzQ2MTM4NQ=="
"1","falco-ref-private-key-search","bWFzdGVyOjI4NDkxNzgxMDgzNDY2Mzk6MzQ2MTQwMw=="
"1","falco-ref-private-key-search","bWFzdGVyOjI4NDkxNzI2ODg5MjQzMTQ6MzQ2MTI4Mg=="
"1","falco-ref-private-key-search","bWFzdGVyOjI4NDkxNzI4NjU5NDA5ODU6MzQ2MTMwMA=="
"1","falco-ref-private-key-search","bWFzdGVyOjI4NDkxODg0MDc2NTAyNDg6MzQ2MTU0OA=="
"1","falco-ref-private-key-search","bWFzdGVyOjI4NDkxODg1ODI5MjY2Mjc6MzQ2MTU2Ng=="
"1","falco-ref-private-key-search","bWFzdGVyOjI4NDkxODMxNTkwNzQwMzQ6MzQ2MTQ0MQ=="
"1","falco-ref-private-key-search","bWFzdGVyOjI4NDkxODMzNjE0NDQxMTM6MzQ2MTQ4Mw=="
"1","falco-ref-private-key-search","bWFzdGVyOjI4NDkxOTg4ODAwODY2NTU6MzQ2MTcwOA=="
"1","falco-ref-private-key-search","bWFzdGVyOjI4NDkxOTkwNjA2NjM5ODk6MzQ2MTcyNg=="
"1","falco-ref-private-key-search","bWFzdGVyOjI4NDkxOTM2MzAyNjg5NDY6MzQ2MTYzMA=="
"1","falco-ref-private-key-search","bWFzdGVyOjI4NDkxOTM4MjQzOTM3NDU6MzQ2MTY0OA=="
"1","falco-ref-private-key-search","bWFzdGVyOjI4NDkyMDk1Njc0Njg0NTg6MzQ2MTg4NQ=="
"1","falco-ref-private-key-search","bWFzdGVyOjI4NDkyMDkzNzQ4NDk2NTI6MzQ2MTg2Ng=="
"1","falco-ref-private-key-search","bWFzdGVyOjI4NDkyMDQxMTM3NTY0Mzk6MzQ2MTc4NQ=="
"1","falco-ref-private-key-search","bWFzdGVyOjI4NDkyMDQzMjc3MzIyMzQ6MzQ2MTgwMw=="
"1","falco-ref-private-key-search","bWFzdGVyOjI4NDkyMjAwOTA1NTYzMTc6MzQ2MjA3Nw=="
"1","falco-ref-private-key-search","bWFzdGVyOjI4NDkyMjUxMzA1OTEzNDg6MzQ2MjExNQ=="
"1","falco-ref-private-key-search","bWFzdGVyOjI4NDkyMjUzMjY2MjY4Njg6MzQ2MjE2MA=="
"1","falco-ref-private-key-search","bWFzdGVyOjI4NDkyMTk4ODQ2NjIxOTU6MzQ2MjAzNQ=="
"1","falco-ref-private-key-search","bWFzdGVyOjI4NDkyMTQ2MjUxOTE2NzU6MzQ2MTk0OA=="
"1","falco-ref-private-key-search","bWFzdGVyOjI4NDkyMTQ4MzM3NzAyOTU6MzQ2MTk2Ng=="
"1","falco-ref-private-key-search","bWFzdGVyOjI4NDkyMzA1NTI3MjMzMTU6MzQ2MjIzOA=="
"1","falco-ref-private-key-search","bWFzdGVyOjI4NDkyMzAzNjMxNzAwNzQ6MzQ2MjIyMA=="
"1","falco-ref-private-key-search","bWFzdGVyOjI4NDkyMzU2MDEyNDcyMzQ6MzQ2MjMwMA=="
"1","falco-ref-private-key-search","bWFzdGVyOjI4NDkyMzU3NzE5NzI1NTU6MzQ2MjMxOA=="
"1","falco-ref-private-key-search","bWFzdGVyOjI4NDkyNDA4MjE0NTI2MjE6MzQ2MjM4OQ=="
"1","falco-ref-private-key-search","bWFzdGVyOjI4NDkyNDEwMjc1MjA5MzI6MzQ2MjQwNw=="
"1","falco-ref-private-key-search","bWFzdGVyOjI4NDkyNDYwODQ5NzE0Nzc6MzQ2MjQ3NA=="
"1","falco-ref-private-key-search","bWFzdGVyOjI4NDkyNDYyODU3NDIyNDU6MzQ2MjUxNQ=="
"1","falco-ref-private-key-search","bWFzdGVyOjI4NDkyNjcwMzA4MTc0Njg6MzQ2MjgxMA=="
"1","falco-ref-private-key-search","bWFzdGVyOjI4NDkyNjcyMDA0OTQzNjQ6MzQ2MjgyOA=="
"1","falco-ref-private-key-search","bWFzdGVyOjI4NDkyNjE3NjkzNDAyMTQ6MzQ2MjcxMA=="
"1","falco-ref-private-key-search","bWFzdGVyOjI4NDkyNjE5NzI5OTU1Mzc6MzQ2MjcyOA=="
"1","falco-ref-private-key-search","bWFzdGVyOjI4NDkyNTE0Njc5MTY4MTI6MzQ2MjU3MQ=="
"1","falco-ref-private-key-search","bWFzdGVyOjI4NDkyNTEzMjU3ODA5NzM6MzQ2MjU1Mw=="
"1","falco-ref-private-key-search","bWFzdGVyOjI4NDkyNTY1MDkyMjk2NDM6MzQ2MjY1NQ=="
"1","falco-ref-private-key-search","bWFzdGVyOjI4NDkyNTY3MTEwNTc5NzU6MzQ2MjY3Mw=="
"1","falco-ref-private-key-search","bWFzdGVyOjI4NDkyNzc0OTUxMjg1Njg6MzQ2Mjk3NA=="
"1","falco-ref-private-key-search","bWFzdGVyOjI4NDkyNzc3MDAyMzMzMDU6MzQ2Mjk5Mg=="
"1","falco-ref-private-key-search","bWFzdGVyOjI4NDkyNzI0NTc3NDcyMTA6MzQ2Mjg4Ng=="
"1","falco-ref-private-key-search","bWFzdGVyOjI4NDkyNzIyNTA2MzQ3NjM6MzQ2Mjg2OA=="
"1","falco-ref-private-key-search","bWFzdGVyOjI4NDkyODgwMDkxMDkwNzg6MzQ2MzEzNA=="
"1","falco-ref-private-key-search","bWFzdGVyOjI4NDkyODgyMTA0Njk4NDM6MzQ2MzE1Mg=="
"1","falco-ref-private-key-search","bWFzdGVyOjI4NDkyODI3NDk5MjQ0MTQ6MzQ2MzAzMA=="
"1","falco-ref-private-key-search","bWFzdGVyOjI4NDkyODI5NTk0MjU5NDk6MzQ2MzA0OA=="
"1","falco-ref-private-key-search","bWFzdGVyOjI4NDkyOTg1MTYyMzg3NTk6MzQ2MzI5MQ=="
"1","falco-ref-private-key-search","bWFzdGVyOjI4NDkyOTg2OTM0OTYxMDk6MzQ2MzMwOQ=="
"1","falco-ref-private-key-search","bWFzdGVyOjI4NDkyOTM0NjkzNjAxMzc6MzQ2MzIyOA=="
"1","falco-ref-private-key-search","bWFzdGVyOjI4NDkyOTMyNjQxNDA4MjE6MzQ2MzIxMA=="
"1","falco-ref-private-key-search","bWFzdGVyOjI4NDkzMDkwMDg5MDIwNzg6MzQ2MzQ2MA=="
"1","falco-ref-private-key-search","bWFzdGVyOjI4NDkzMDkxOTY3MzY5NzY6MzQ2MzQ3OA=="
"1","falco-ref-private-key-search","bWFzdGVyOjI4NDkzMDM3NDY4NTMzNDg6MzQ2MzM3Mg=="
"1","falco-ref-private-key-search","bWFzdGVyOjI4NDkzMDM5NTc3ODQ3Mjc6MzQ2MzM5MA=="
"1","falco-ref-private-key-search","bWFzdGVyOjI4NDkzMjk5Njg3Njg4Njk6MzQ2Mzc3Nw=="
"1","falco-ref-private-key-search","bWFzdGVyOjI4NDkzMjQ3MTA0Mzk1MjU6MzQ2MzY5Nw=="
"1","falco-ref-private-key-search","bWFzdGVyOjI4NDkzMjQ5MTcwMzUxNDQ6MzQ2MzcxNQ=="
"1","falco-ref-private-key-search","bWFzdGVyOjI4NDkzMTk1MTM5MDkwMjM6MzQ2MzYyMA=="
"1","falco-ref-private-key-search","bWFzdGVyOjI4NDkzMTk2NjgwODY3MjM6MzQ2MzYzOA=="
"1","falco-ref-private-key-search","bWFzdGVyOjI4NDkzMTQ0NjE0NTUzNzE6MzQ2MzU1Nw=="
"1","falco-ref-private-key-search","bWFzdGVyOjI4NDkzMTQyNTExOTk1MDk6MzQ2MzUzOQ=="
"1","falco-ref-private-key-search","bWFzdGVyOjI4NDkzMzAxNjE4MTQwOTM6MzQ2MzgyMg=="
"1","falco-ref-private-key-search","bWFzdGVyOjI4NDkzMzUyMDc5NjE1ODQ6MzQ2Mzg5MQ=="
"1","falco-ref-private-key-search","bWFzdGVyOjI4NDkzMzUzNzE0MTMwNTA6MzQ2MzkxMA=="
"1","falco-ref-private-key-search","bWFzdGVyOjI4NDkzNDA0MTk2ODMwMTI6MzQ2Mzk3MA=="
"1","falco-ref-private-key-search","bWFzdGVyOjI4NDkzNDA1OTgwNzQ2Njc6MzQ2Mzk4OA=="
"1","falco-ref-private-key-search","bWFzdGVyOjI4NDkzNDU2Mzk0OTk1Nzg6MzQ2NDA1MA=="
"1","falco-ref-private-key-search","bWFzdGVyOjI4NDkzNDU4NDg4MjIwNTQ6MzQ2NDA2OA=="
"1","falco-ref-private-key-search","bWFzdGVyOjI4NDkzNjE1ODU2NTY1MTE6MzQ2NDMwMA=="
"1","falco-ref-private-key-search","bWFzdGVyOjI4NDkzNjEzODA2NDg3MzQ6MzQ2NDI4Mg=="
"1","falco-ref-private-key-search","bWFzdGVyOjI4NDkzNjY2NDM4Mjg5Nzg6MzQ2NDM4OQ=="
"1","falco-ref-private-key-search","bWFzdGVyOjI4NDkzNjY4NTI2NDcyMjc6MzQ2NDQwOA=="
"1","falco-ref-private-key-search","bWFzdGVyOjI4NDkzNTA5MDc0NDM1OTc6MzQ2NDEyNw=="
"1","falco-ref-private-key-search","bWFzdGVyOjI4NDkzNTEwOTk1ODYwNDU6MzQ2NDE0NQ=="
"1","falco-ref-private-key-search","bWFzdGVyOjI4NDkzNTYxMzY3NDYyNjU6MzQ2NDIwNQ=="
"1","falco-ref-private-key-search","bWFzdGVyOjI4NDkzNTYzMzY5Mjk5NDU6MzQ2NDI0Ng=="
"1","falco-ref-private-key-search","bWFzdGVyOjI4NDkzNzcxNjAyNzA2NjU6MzQ2NDU0Ng=="
"1","falco-ref-private-key-search","bWFzdGVyOjI4NDkzNzczMjU1ODA3NTE6MzQ2NDU2NQ=="
"1","falco-ref-private-key-search","bWFzdGVyOjI4NDkzNzE5MDg2MTkxMjY6MzQ2NDQ0NQ=="
"1","falco-ref-private-key-search","bWFzdGVyOjI4NDkzNzIxMTYyMjI4MDA6MzQ2NDQ2Mw=="
"1","falco-ref-private-key-search","bWFzdGVyOjI4NDkzODc1NzUwNjQyNjY6MzQ2NDcwNQ=="
"1","falco-ref-private-key-search","bWFzdGVyOjI4NDkzODc3Nzk4NzAxOTM6MzQ2NDcyMw=="
"1","falco-ref-private-key-search","bWFzdGVyOjI4NDkzODI1MzM2NzUyMzA6MzQ2NDYyMQ=="
"1","falco-ref-private-key-search","bWFzdGVyOjI4NDkzODIzNjE0MzE5Mzc6MzQ2NDYwMw=="
"1","falco-ref-private-key-search","bWFzdGVyOjI4NDkzOTgwODU1MDk1NTU6MzQ2NDg2NA=="
"1","falco-ref-private-key-search","bWFzdGVyOjI4NDkzOTgyODY0NTY4NzE6MzQ2NDg4Mg=="
"1","falco-ref-private-key-search","bWFzdGVyOjI4NDkzOTI4Mjk0MzMzODk6MzQ2NDc2MQ=="
"1","falco-ref-private-key-search","bWFzdGVyOjI4NDkzOTMwMjYxNjUwMzY6MzQ2NDc3OQ=="
"1","falco-ref-private-key-search","bWFzdGVyOjI4NTAwMDEwNDAzODg4MDc6MzQ3NDQ3MQ=="
"1","falco-ref-private-key-search","bWFzdGVyOjI4NTAwMDEyMzQ4Mjg1NjY6MzQ3NDQ4OQ=="
"1","falco-ref-private-key-search","bWFzdGVyOjI4NTAwMDY0NzQ3ODE4NDc6MzQ3NDU4OQ=="
"1","falco-ref-private-key-search","bWFzdGVyOjI4NTAwMDYyODY0OTMxODk6MzQ3NDU3MQ=="
"1","falco-ref-private-key-search","bWFzdGVyOjI4NTAwMjcyMDE0Njc2ODE6MzQ3NDg5NQ=="
"1","falco-ref-private-key-search","bWFzdGVyOjI4NTAwMjczODIxMDc1OTU6MzQ3NDkxMw=="
"1","falco-ref-private-key-search","bWFzdGVyOjI4NTAwMjIwMTk4OTQxMTM6MzQ3NDc4OA=="
"1","falco-ref-private-key-search","bWFzdGVyOjI4NTAwMjIxNTY3NTk5MDg6MzQ3NDgwNg=="
"1","falco-ref-private-key-search","bWFzdGVyOjI4NTAwMTE1MzIxNTcyNzE6MzQ3NDYyNw=="
"1","falco-ref-private-key-search","bWFzdGVyOjI4NTAwMTE3MjQ0ODY3ODk6MzQ3NDY0Ng=="
"1","falco-ref-private-key-search","bWFzdGVyOjI4NTAwMTY3NzUzNjIxNzY6MzQ3NDczMA=="
"1","falco-ref-private-key-search","bWFzdGVyOjI4NTAwMTY5NzczMjY0Mzk6MzQ3NDc0OA=="
"1","falco-ref-private-key-search","bWFzdGVyOjI4NTAwMzc2NzA1OTc3NTA6MzQ3NTA1Mw=="
"1","falco-ref-private-key-search","bWFzdGVyOjI4NTAwMzc4NzY0MDk5MjU6MzQ3NTA3MQ=="
"1","falco-ref-private-key-search","bWFzdGVyOjI4NTAwMzI0MjE2MjkzMTU6MzQ3NDk1MQ=="
"1","falco-ref-private-key-search","bWFzdGVyOjI4NTAwMzI2MTk0NDYyNzc6MzQ3NDk3MA=="
"1","falco-ref-private-key-search","bWFzdGVyOjI4NTAwNDgxNzY4MDM0NzE6MzQ3NTIxNA=="
"1","falco-ref-private-key-search","bWFzdGVyOjI4NTAwNDgzODA1MjA2MDQ6MzQ3NTIzMg=="
"1","falco-ref-private-key-search","bWFzdGVyOjI4NTAwNDI5MzMxMzY2MjA6MzQ3NTEwOQ=="
"1","falco-ref-private-key-search","bWFzdGVyOjI4NTAwNDMxMzI3Nzk4MTQ6MzQ3NTEyNw=="
"1","falco-ref-private-key-search","bWFzdGVyOjI4NTAwNjkxODE3OTExNDg6MzQ3NTUzMw=="
"1","falco-ref-private-key-search","bWFzdGVyOjI4NTAwNjkzNjk2MzIyOTg6MzQ3NTU1Mg=="
"1","falco-ref-private-key-search","bWFzdGVyOjI4NTAwNjM5MjY3MDU5MDI6MzQ3NTQ1NQ=="
"1","falco-ref-private-key-search","bWFzdGVyOjI4NTAwNjQxMzA0MjM4NjY6MzQ3NTQ3Mw=="
"1","falco-ref-private-key-search","bWFzdGVyOjI4NTAwNTg2NjY1ODMwNTM6MzQ3NTM3NQ=="
"1","falco-ref-private-key-search","bWFzdGVyOjI4NTAwNTg4NzEwNDkzMzQ6MzQ3NTM5Mw=="
"1","falco-ref-private-key-search","bWFzdGVyOjI4NTAwNTM0MzY1NzM3Njk6MzQ3NTI5Ng=="
"1","falco-ref-private-key-search","bWFzdGVyOjI4NTAwNTM2MjY3MDE2Mzk6MzQ3NTMxNA=="
"1","falco-ref-private-key-search","bWFzdGVyOjI4NTAwNzk2MzkzNTAwNDU6MzQ3NTY5OQ=="
"1","falco-ref-private-key-search","bWFzdGVyOjI4NTAwNzk4MjI2NzA0Nzc6MzQ3NTcxNw=="
"1","falco-ref-private-key-search","bWFzdGVyOjI4NTAwNzQ0MTc1NzcwNTk6MzQ3NTYxMw=="
"1","falco-ref-private-key-search","bWFzdGVyOjI4NTAwNzQ1OTI2MjA5ODA6MzQ3NTYzMQ=="
"1","falco-ref-private-key-search","bWFzdGVyOjI4NTAwODQ4NjA4NjQxNjM6MzQ3NTc3OA=="
"1","falco-ref-private-key-search","bWFzdGVyOjI4NTAwODUwNDkzMTI2MzA6MzQ3NTc5OQ=="
"1","falco-ref-private-key-search","bWFzdGVyOjI4NTAwOTAwOTQ3MDU4MzE6MzQ3NTg4NA=="
"1","falco-ref-private-key-search","bWFzdGVyOjI4NTAwOTAyNTgxMjk1Nzg6MzQ3NTkwNA=="
"1","falco-ref-private-key-search","bWFzdGVyOjI4NTAwOTU1MTE0MTA3ODE6MzQ3NTk4NQ=="
"1","falco-ref-private-key-search","bWFzdGVyOjI4NTAwOTUzMTAxMzMxODU6MzQ3NTk2Nw=="
"1","falco-ref-private-key-search","bWFzdGVyOjI4NTAxMDA1NTg5ODI4NzA6MzQ3NjA0OA=="
"1","falco-ref-private-key-search","bWFzdGVyOjI4NTAxMDA3NTAwOTc2NjQ6MzQ3NjA2Nw=="
"1","falco-ref-private-key-search","bWFzdGVyOjI4NTAxMDU4MTA0NzcwNTM6MzQ3NjEyOQ=="
"1","falco-ref-private-key-search","bWFzdGVyOjI4NTAxMDYwMDkzNzQ0Mjk6MzQ3NjE0Nw=="
"1","falco-ref-private-key-search","bWFzdGVyOjI4NTAxMjE1MDU4MDQ5NDE6MzQ3NjM2OA=="
"1","falco-ref-private-key-search","bWFzdGVyOjI4NTAxMjE3MjE2Mjg2NDg6MzQ3NjM4Ng=="
"1","falco-ref-private-key-search","bWFzdGVyOjI4NTAxMjY3NzkyODA3OTY6MzQ3NjQ3Mg=="
"1","falco-ref-private-key-search","bWFzdGVyOjI4NTAxMjY5ODk3Njc3NDg6MzQ3NjQ5MA=="
"1","falco-ref-private-key-search","bWFzdGVyOjI4NTAxMTEwNjE2MjgwNTY6MzQ3NjIwOQ=="
"1","falco-ref-private-key-search","bWFzdGVyOjI4NTAxMTEyMzE3MzYwNTE6MzQ3NjIyNw=="
"1","falco-ref-private-key-search","bWFzdGVyOjI4NTAxMTY0NTMxMzg4NTc6MzQ3NjMzMQ=="
"1","falco-ref-private-key-search","bWFzdGVyOjI4NTAxMTYyODM1Njk2ODA6MzQ3NjMxMw=="
"1","falco-ref-private-key-search","bWFzdGVyOjI4NTAxMzc0ODA4NzkxMzQ6MzQ3NjY1NA=="
"1","falco-ref-private-key-search","bWFzdGVyOjI4NTAxMzcyODEwNTYzNzI6MzQ3NjYzMg=="
"1","falco-ref-private-key-search","bWFzdGVyOjI4NTAxMzIwNDA1NjI3Njk6MzQ3NjUyNw=="
"1","falco-ref-private-key-search","bWFzdGVyOjI4NTAxMzIyMzQxMTMxMjI6MzQ3NjU0NQ=="
"1","falco-ref-private-key-search","bWFzdGVyOjI4NTAxNDc3NjMyMjU3MzA6MzQ3NjgwMA=="
"1","falco-ref-private-key-search","bWFzdGVyOjI4NTAxNDc5NTU3MzE0OTg6MzQ3NjgxOA=="
"1","falco-ref-private-key-search","bWFzdGVyOjI4NTAxNDI1Mzk0NzkzMTk6MzQ3NjY5OA=="
"1","falco-ref-private-key-search","bWFzdGVyOjI4NTAxNDI3MjAwODU1NzM6MzQ3NjcxNg=="
"1","falco-ref-private-key-search","bWFzdGVyOjI4NTAxNjg2OTEzMjY0NTQ6MzQ3NzExNw=="
"1","falco-ref-private-key-search","bWFzdGVyOjI4NTAxNjg4OTM0NjIyMDY6MzQ3NzEzNQ=="
"1","falco-ref-private-key-search","bWFzdGVyOjI4NTAxNjM0NjMwNjc5OTU6MzQ3NzAzOA=="
"1","falco-ref-private-key-search","bWFzdGVyOjI4NTAxNjM2NDkzMDgzNjQ6MzQ3NzA1Nw=="
"1","falco-ref-private-key-search","bWFzdGVyOjI4NTAxNTg0MTg0OTIzOTc6MzQ3Njk3Nw=="
"1","falco-ref-private-key-search","bWFzdGVyOjI4NTAxNTgyMzgwNTg5MTI6MzQ3Njk1OQ=="
"1","falco-ref-private-key-search","bWFzdGVyOjI4NTAxNTMwMDU5MDU5NzE6MzQ3Njg1Nw=="
"1","falco-ref-private-key-search","bWFzdGVyOjI4NTAxNTMxODIwNjA1Mzc6MzQ3Njg4MQ=="
"1","falco-ref-private-key-search","bWFzdGVyOjI4NTAxNzk0MDAyNzMzMTc6MzQ3NzMwNA=="
"1","falco-ref-private-key-search","bWFzdGVyOjI4NTAxNzkyMTc4MjIyNTE6MzQ3NzI4Ng=="
"1","falco-ref-private-key-search","bWFzdGVyOjI4NTAxNzM5NDYzODUzNjM6MzQ3NzIwNA=="
"1","falco-ref-private-key-search","bWFzdGVyOjI4NTAxNzQxNTg4MzIxMDU6MzQ3NzIyMw=="
"1","falco-ref-private-key-search","bWFzdGVyOjI4NTAxODk2ODY2MDY2MDU6MzQ3NzQ0NQ=="
"1","falco-ref-private-key-search","bWFzdGVyOjI4NTAxODk4NTY4NTgxNTk6MzQ3NzQ2Mw=="
"1","falco-ref-private-key-search","bWFzdGVyOjI4NTAxODQ0NTE4NjQzNjA6MzQ3NzM2NQ=="
"1","falco-ref-private-key-search","bWFzdGVyOjI4NTAxODQ2MzY1NTk1ODQ6MzQ3NzM4Mw=="
"1","falco-ref-private-key-search","bWFzdGVyOjI4NTAxOTQ5MDMxNTAxMTc6MzQ3NzUyNA=="
"1","falco-ref-private-key-search","bWFzdGVyOjI4NTAxOTUwNzA1MTk4MjY6MzQ3NzU0Mg=="
"1","falco-ref-private-key-search","bWFzdGVyOjI4NTAyMDAxMTU3NDM0MTc6MzQ3NzYyOA=="
"1","falco-ref-private-key-search","bWFzdGVyOjI4NTAyMDAzMDI1NzgyMzE6MzQ3NzY0Nw=="
"1","falco-ref-private-key-search","bWFzdGVyOjI4NTAyMDU1NzUzMjA1MDQ6MzQ3NzczMg=="
"1","falco-ref-private-key-search","bWFzdGVyOjI4NTAyMDUzNjEzODU5Nzk6MzQ3NzcxNA=="
"1","falco-ref-private-key-search","bWFzdGVyOjI4NTAyMjExMzc0MjIzNjM6MzQ3Nzk1MA=="
"1","falco-ref-private-key-search","bWFzdGVyOjI4NTAyMjEzNDU2Njg0NjY6MzQ3Nzk2OA=="
"1","falco-ref-private-key-search","bWFzdGVyOjI4NTAyMjY1OTY0NTMyNTA6MzQ3ODA3MQ=="
"1","falco-ref-private-key-search","bWFzdGVyOjI4NTAyMjYzOTQ4MzgzNjY6MzQ3ODA1Mw=="
"1","falco-ref-private-key-search","bWFzdGVyOjI4NTAyMTA2MzA4MTM2NTc6MzQ3Nzc5NA=="
"1","falco-ref-private-key-search","bWFzdGVyOjI4NTAyMTA4NTc2NTU5MTA6MzQ3NzgxMg=="
"1","falco-ref-private-key-search","bWFzdGVyOjI4NTAyMTU5MTA5OTE3NjI6MzQ3Nzg3Mg=="
"1","falco-ref-private-key-search","bWFzdGVyOjI4NTAyMTYwOTM2MDM0NDc6MzQ3Nzg5MA=="
"1","falco-ref-private-key-search","bWFzdGVyOjI4NTAyMzcwODc3NDg0NTQ6MzQ3ODIzMg=="
"1","falco-ref-private-key-search","bWFzdGVyOjI4NTAyMzE2NTU4NzE0Mjk6MzQ3ODEwOA=="
"1","falco-ref-private-key-search","bWFzdGVyOjI4NTAyMzE4Mzk1NzE4MTk6MzQ3ODEyNg=="
"1","falco-ref-private-key-search","bWFzdGVyOjI4NTAyMzY4ODA4NDEwNTY6MzQ3ODIxMw=="
"1","falco-ref-private-key-search","bWFzdGVyOjI4NTAyNDc1ODUzMTk0NDk6MzQ3ODM5NQ=="
"1","falco-ref-private-key-search","bWFzdGVyOjI4NTAyNDczNzY1NTMwNDk6MzQ3ODM3Nw=="
"1","falco-ref-private-key-search","bWFzdGVyOjI4NTAyNDIxNDY5NDA1NTA6MzQ3ODI3NA=="
"1","falco-ref-private-key-search","bWFzdGVyOjI4NTAyNDIzMjUwNTU2NzY6MzQ3ODI5Mg=="
"1","falco-ref-private-key-search","bWFzdGVyOjI4NTAyNjg0MTM1MjkyMjY6MzQ3ODcwMQ=="
"1","falco-ref-private-key-search","bWFzdGVyOjI4NTAyNjg1ODEzMTI2NDI6MzQ3ODcxOQ=="
"1","falco-ref-private-key-search","bWFzdGVyOjI4NTAyNjMxNjA5MDgxNjg6MzQ3ODU4OQ=="
"1","falco-ref-private-key-search","bWFzdGVyOjI4NTAyNjMzNjAwOTk2MjQ6MzQ3ODYyOA=="
"1","falco-ref-private-key-search","bWFzdGVyOjI4NTAyNTc4OTA4Mzk2NjU6MzQ3ODUzNA=="
"1","falco-ref-private-key-search","bWFzdGVyOjI4NTAyNTgxMDYyMDYwMDM6MzQ3ODU1Mg=="
"1","falco-ref-private-key-search","bWFzdGVyOjI4NTAyNTI2NDI3NDc5MTQ6MzQ3ODQzMg=="
"1","falco-ref-private-key-search","bWFzdGVyOjI4NTAyNTI4MzYyNjIwODc6MzQ3ODQ1MA=="
"1","falco-ref-private-key-search","bWFzdGVyOjI4NTAyNzg5MDI3Nzk3MDc6MzQ3ODg1Nw=="
"1","falco-ref-private-key-search","bWFzdGVyOjI4NTAyNzkwOTA2NDgyODg6MzQ3ODg3NQ=="
"1","falco-ref-private-key-search","bWFzdGVyOjI4NTAyNzM2MzQ1MjY3NzQ6MzQ3ODc3OA=="
"1","falco-ref-private-key-search","bWFzdGVyOjI4NTAyNzM4NTExODkyNjc6MzQ3ODc5Ng=="
"1","falco-ref-private-key-search","bWFzdGVyOjI4NTAyODk0MTMwNDIwOTY6MzQ3OTAxOA=="
"1","falco-ref-private-key-search","bWFzdGVyOjI4NTAyODk2MTA1NDU1OTk6MzQ3OTAzNg=="
"1","falco-ref-private-key-search","bWFzdGVyOjI4NTAyODQxNDY1MDAzNjU6MzQ3ODkzNg=="
"1","falco-ref-private-key-search","bWFzdGVyOjI4NTAyODQzNjAzMjYyOTE6MzQ3ODk1NA=="
"1","falco-ref-private-key-search","bWFzdGVyOjI4NTAyOTk5MzU2OTc4NTQ6MzQ3OTE3NA=="
"1","falco-ref-private-key-search","bWFzdGVyOjI4NTAyOTQ2NTc0Mjc0NDE6MzQ3OTA5NQ=="
"1","falco-ref-private-key-search","bWFzdGVyOjI4NTAyOTQ4NzQyODM5NDI6MzQ3OTExMw=="
"1","falco-ref-private-key-search","bWFzdGVyOjI4NTAzMDAxMTAyNDE5Mzc6MzQ3OTIxOA=="
"1","falco-ref-private-key-search","bWFzdGVyOjI4NTAzMDUxNjE5OTIwMzU6MzQ3OTI3NA=="
"1","falco-ref-private-key-search","bWFzdGVyOjI4NTAzMDUzNDI3Mzg2Mjg6MzQ3OTI5OQ=="
"1","falco-ref-private-key-search","bWFzdGVyOjI4NTAzMjA4NjM3MjA3MjY6MzQ3OTUxOQ=="
"1","falco-ref-private-key-search","bWFzdGVyOjI4NTAzMjEwNTE4NDgxMTM6MzQ3OTUzNw=="
"1","falco-ref-private-key-search","bWFzdGVyOjI4NTAzMjYwODc4Njc1OTU6MzQ3OTYwMw=="
"1","falco-ref-private-key-search","bWFzdGVyOjI4NTAzMjYyODgyMjE2NDU6MzQ3OTY0NQ=="
"1","falco-ref-private-key-search","bWFzdGVyOjI4NTAzMTA1Njk5MjQ1ODU6MzQ3OTM3Nw=="
"1","falco-ref-private-key-search","bWFzdGVyOjI4NTAzMTAzODY0NzcxMTQ6MzQ3OTM1OQ=="
"1","falco-ref-private-key-search","bWFzdGVyOjI4NTAzMTU2MjA1MTc2Njc6MzQ3OTQ0MA=="
"1","falco-ref-private-key-search","bWFzdGVyOjI4NTAzMTU4MjE3OTM3NDI6MzQ3OTQ1OA=="
"1","falco-ref-private-key-search","bWFzdGVyOjI4NTAzMzE1Mjk1MDcwMTE6MzQ3OTcwMA=="
"1","falco-ref-private-key-search","bWFzdGVyOjI4NTAzMzEzMzQ3OTU3OTQ6MzQ3OTY4Mg=="
"1","falco-ref-private-key-search","bWFzdGVyOjI4NTAzMzY1Nzk0NDgwNDQ6MzQ3OTc4OA=="
"1","falco-ref-private-key-search","bWFzdGVyOjI4NTAzMzY3ODgyMzM1ODQ6MzQ3OTgwNg=="
"1","falco-ref-private-key-search","bWFzdGVyOjI4NTAzNDcxMTQ0NDU5NDQ6MzQ3OTk0Ng=="
"1","falco-ref-private-key-search","bWFzdGVyOjI4NTAzNDczMTUzMjc1NzM6MzQ3OTk2NA=="
"1","falco-ref-private-key-search","bWFzdGVyOjI4NTAzNDE4NDc1MDY2NDM6MzQ3OTg0Mw=="
"1","falco-ref-private-key-search","bWFzdGVyOjI4NTAzNDIwNTM1OTQ3NDU6MzQ3OTg2MQ=="
"1","falco-ref-private-key-search","bWFzdGVyOjI4NTAzNjgxMDQ2ODY5MDI6MzQ4MDI3NA=="
"1","falco-ref-private-key-search","bWFzdGVyOjI4NTAzNjgzMTM4NjA0MTA6MzQ4MDI5Mw=="
"1","falco-ref-private-key-search","bWFzdGVyOjI4NTAzNjI4NDUwNTI3Njc6MzQ4MDE3Mg=="
"1","falco-ref-private-key-search","bWFzdGVyOjI4NTAzNjMwNDY2MDcxNTE6MzQ4MDE5MA=="
"1","falco-ref-private-key-search","bWFzdGVyOjI4NTAzNTc1OTYwNTAzNjk6MzQ4MDEwOQ=="
"1","falco-ref-private-key-search","bWFzdGVyOjI4NTAzNTc3OTAyNjA5OTg6MzQ4MDEyNw=="
"1","falco-ref-private-key-search","bWFzdGVyOjI4NTAzNTI1NDY4MzMzMTM6MzQ4MDAyMg=="
"1","falco-ref-private-key-search","bWFzdGVyOjI4NTAzNTIzNzQ0MzUwOTk6MzQ4MDAwNA=="
